"category","country","unit","year","value","sheet"
"Total beverages ","Mexico","Million dollars","2023",6739.7,"Beverages"
"Total beverages ","Mexico","Million dollars","2022",6332.8,"Beverages"
"Total beverages ","Mexico","Million dollars","2021",5724.3,"Beverages"
"Total beverages ","Mexico","Million dollars","2020",4926.6,"Beverages"
"Total beverages ","Mexico","Million dollars","2019",4427,"Beverages"
"Total beverages ","Mexico","Million dollars","2018",4019.1,"Beverages"
"Total beverages ","Mexico","Million dollars","2017",3687.9,"Beverages"
"Total beverages ","Mexico","Million dollars","2016",3428,"Beverages"
"Total beverages ","Mexico","Million dollars","2015",3051.5,"Beverages"
"Total beverages ","Mexico","Million dollars","2014",2788.6,"Beverages"
"Total beverages ","Mexico","Million dollars","2013",2246.7,"Beverages"
"Total beverages ","Mexico","Million dollars","2012",2111.1,"Beverages"
"Total beverages ","Mexico","Million dollars","2011",1955.3,"Beverages"
"Total beverages ","Mexico","Million dollars","2010",1860.5,"Beverages"
"Total beverages ","Mexico","Million dollars","2009",1764.7,"Beverages"
"Total beverages ","Mexico","Million dollars","2008",1832.3,"Beverages"
"Total beverages ","Mexico","Million dollars","2007",1878.5,"Beverages"
"Total beverages ","Mexico","Million dollars","2006",1861.9,"Beverages"
"Total beverages ","Mexico","Million dollars","2005",1570.8,"Beverages"
"Total beverages ","Mexico","Million dollars","2004",1361,"Beverages"
"Total beverages ","Mexico","Million dollars","2003",1256.7,"Beverages"
"Total beverages ","Mexico","Million dollars","2002",1182.2,"Beverages"
"Total beverages ","Mexico","Million dollars","2001",1035.9,"Beverages"
"Total beverages ","Mexico","Million dollars","2000",889,"Beverages"
"Total beverages ","Mexico","Million dollars","1999",763.7,"Beverages"
"Total beverages ","Italy","Million dollars","2023",2743.5,"Beverages"
"Total beverages ","Italy","Million dollars","2022",2877,"Beverages"
"Total beverages ","Italy","Million dollars","2021",2846.8,"Beverages"
"Total beverages ","Italy","Million dollars","2020",2486.8,"Beverages"
"Total beverages ","Italy","Million dollars","2019",2409.1,"Beverages"
"Total beverages ","Italy","Million dollars","2018",2370.7,"Beverages"
"Total beverages ","Italy","Million dollars","2017",2210.5,"Beverages"
"Total beverages ","Italy","Million dollars","2016",2116,"Beverages"
"Total beverages ","Italy","Million dollars","2015",2005.4,"Beverages"
"Total beverages ","Italy","Million dollars","2014",1984.7,"Beverages"
"Total beverages ","Italy","Million dollars","2013",1858.5,"Beverages"
"Total beverages ","Italy","Million dollars","2012",1700.2,"Beverages"
"Total beverages ","Italy","Million dollars","2011",1692.5,"Beverages"
"Total beverages ","Italy","Million dollars","2010",1448.7,"Beverages"
"Total beverages ","Italy","Million dollars","2009",1343.6,"Beverages"
"Total beverages ","Italy","Million dollars","2008",1445.8,"Beverages"
"Total beverages ","Italy","Million dollars","2007",1410.8,"Beverages"
"Total beverages ","Italy","Million dollars","2006",1271.5,"Beverages"
"Total beverages ","Italy","Million dollars","2005",1168,"Beverages"
"Total beverages ","Italy","Million dollars","2004",1041.8,"Beverages"
"Total beverages ","Italy","Million dollars","2003",988.7,"Beverages"
"Total beverages ","Italy","Million dollars","2002",827.3,"Beverages"
"Total beverages ","Italy","Million dollars","2001",668.8,"Beverages"
"Total beverages ","Italy","Million dollars","2000",627.7,"Beverages"
"Total beverages ","Italy","Million dollars","1999",581.7,"Beverages"
"Total beverages ","France","Million dollars","2023",2738,"Beverages"
"Total beverages ","France","Million dollars","2022",2919.9,"Beverages"
"Total beverages ","France","Million dollars","2021",2785,"Beverages"
"Total beverages ","France","Million dollars","2020",1930.7,"Beverages"
"Total beverages ","France","Million dollars","2019",2367.6,"Beverages"
"Total beverages ","France","Million dollars","2018",2292.1,"Beverages"
"Total beverages ","France","Million dollars","2017",2065.4,"Beverages"
"Total beverages ","France","Million dollars","2016",1781.5,"Beverages"
"Total beverages ","France","Million dollars","2015",1698,"Beverages"
"Total beverages ","France","Million dollars","2014",1653.9,"Beverages"
"Total beverages ","France","Million dollars","2013",1560,"Beverages"
"Total beverages ","France","Million dollars","2012",1489,"Beverages"
"Total beverages ","France","Million dollars","2011",1352.3,"Beverages"
"Total beverages ","France","Million dollars","2010",1106.8,"Beverages"
"Total beverages ","France","Million dollars","2009",1069.3,"Beverages"
"Total beverages ","France","Million dollars","2008",1530,"Beverages"
"Total beverages ","France","Million dollars","2007",1557.5,"Beverages"
"Total beverages ","France","Million dollars","2006",1389.3,"Beverages"
"Total beverages ","France","Million dollars","2005",1178.4,"Beverages"
"Total beverages ","France","Million dollars","2004",1127,"Beverages"
"Total beverages ","France","Million dollars","2003",1203.6,"Beverages"
"Total beverages ","France","Million dollars","2002",1012.5,"Beverages"
"Total beverages ","France","Million dollars","2001",919.7,"Beverages"
"Total beverages ","France","Million dollars","2000",1011,"Beverages"
"Total beverages ","France","Million dollars","1999",1120.3,"Beverages"
"Total beverages ","Canada","Million dollars","2023",816.4,"Beverages"
"Total beverages ","Canada","Million dollars","2022",718.4,"Beverages"
"Total beverages ","Canada","Million dollars","2021",656.3,"Beverages"
"Total beverages ","Canada","Million dollars","2020",567.5,"Beverages"
"Total beverages ","Canada","Million dollars","2019",523.2,"Beverages"
"Total beverages ","Canada","Million dollars","2018",425.4,"Beverages"
"Total beverages ","Canada","Million dollars","2017",353.3,"Beverages"
"Total beverages ","Canada","Million dollars","2016",330.7,"Beverages"
"Total beverages ","Canada","Million dollars","2015",290.2,"Beverages"
"Total beverages ","Canada","Million dollars","2014",303.3,"Beverages"
"Total beverages ","Canada","Million dollars","2013",352.9,"Beverages"
"Total beverages ","Canada","Million dollars","2012",378.2,"Beverages"
"Total beverages ","Canada","Million dollars","2011",363.1,"Beverages"
"Total beverages ","Canada","Million dollars","2010",345.2,"Beverages"
"Total beverages ","Canada","Million dollars","2009",302.3,"Beverages"
"Total beverages ","Canada","Million dollars","2008",437.1,"Beverages"
"Total beverages ","Canada","Million dollars","2007",432.6,"Beverages"
"Total beverages ","Canada","Million dollars","2006",488.4,"Beverages"
"Total beverages ","Canada","Million dollars","2005",492.9,"Beverages"
"Total beverages ","Canada","Million dollars","2004",487.7,"Beverages"
"Total beverages ","Canada","Million dollars","2003",533.7,"Beverages"
"Total beverages ","Canada","Million dollars","2002",536.7,"Beverages"
"Total beverages ","Canada","Million dollars","2001",512.1,"Beverages"
"Total beverages ","Canada","Million dollars","2000",493.3,"Beverages"
"Total beverages ","Canada","Million dollars","1999",474.7,"Beverages"
"Total beverages ","Netherlands","Million dollars","2023",705.6,"Beverages"
"Total beverages ","Netherlands","Million dollars","2022",871.3,"Beverages"
"Total beverages ","Netherlands","Million dollars","2021",853.9,"Beverages"
"Total beverages ","Netherlands","Million dollars","2020",905.7,"Beverages"
"Total beverages ","Netherlands","Million dollars","2019",768.8,"Beverages"
"Total beverages ","Netherlands","Million dollars","2018",798.4,"Beverages"
"Total beverages ","Netherlands","Million dollars","2017",816.3,"Beverages"
"Total beverages ","Netherlands","Million dollars","2016",793.6,"Beverages"
"Total beverages ","Netherlands","Million dollars","2015",837.8,"Beverages"
"Total beverages ","Netherlands","Million dollars","2014",792.7,"Beverages"
"Total beverages ","Netherlands","Million dollars","2013",854.1,"Beverages"
"Total beverages ","Netherlands","Million dollars","2012",891.3,"Beverages"
"Total beverages ","Netherlands","Million dollars","2011",889.8,"Beverages"
"Total beverages ","Netherlands","Million dollars","2010",969.1,"Beverages"
"Total beverages ","Netherlands","Million dollars","2009",984.5,"Beverages"
"Total beverages ","Netherlands","Million dollars","2008",1196.5,"Beverages"
"Total beverages ","Netherlands","Million dollars","2007",1337.9,"Beverages"
"Total beverages ","Netherlands","Million dollars","2006",1129.6,"Beverages"
"Total beverages ","Netherlands","Million dollars","2005",931,"Beverages"
"Total beverages ","Netherlands","Million dollars","2004",896.4,"Beverages"
"Total beverages ","Netherlands","Million dollars","2003",906.4,"Beverages"
"Total beverages ","Netherlands","Million dollars","2002",886.9,"Beverages"
"Total beverages ","Netherlands","Million dollars","2001",789.3,"Beverages"
"Total beverages ","Netherlands","Million dollars","2000",735.4,"Beverages"
"Total beverages ","Netherlands","Million dollars","1999",628.3,"Beverages"
"Total beverages ","New Zealand","Million dollars","2023",606.9,"Beverages"
"Total beverages ","New Zealand","Million dollars","2022",594.9,"Beverages"
"Total beverages ","New Zealand","Million dollars","2021",559.2,"Beverages"
"Total beverages ","New Zealand","Million dollars","2020",495.8,"Beverages"
"Total beverages ","New Zealand","Million dollars","2019",474.3,"Beverages"
"Total beverages ","New Zealand","Million dollars","2018",447.5,"Beverages"
"Total beverages ","New Zealand","Million dollars","2017",434.1,"Beverages"
"Total beverages ","New Zealand","Million dollars","2016",411.4,"Beverages"
"Total beverages ","New Zealand","Million dollars","2015",369.6,"Beverages"
"Total beverages ","New Zealand","Million dollars","2014",336.9,"Beverages"
"Total beverages ","New Zealand","Million dollars","2013",290,"Beverages"
"Total beverages ","New Zealand","Million dollars","2012",256.8,"Beverages"
"Total beverages ","New Zealand","Million dollars","2011",210,"Beverages"
"Total beverages ","New Zealand","Million dollars","2010",207.4,"Beverages"
"Total beverages ","New Zealand","Million dollars","2009",160.4,"Beverages"
"Total beverages ","New Zealand","Million dollars","2008",154.1,"Beverages"
"Total beverages ","New Zealand","Million dollars","2007",155.9,"Beverages"
"Total beverages ","New Zealand","Million dollars","2006",111.3,"Beverages"
"Total beverages ","New Zealand","Million dollars","2005",101.2,"Beverages"
"Total beverages ","New Zealand","Million dollars","2004",68,"Beverages"
"Total beverages ","New Zealand","Million dollars","2003",51.3,"Beverages"
"Total beverages ","New Zealand","Million dollars","2002",37.4,"Beverages"
"Total beverages ","New Zealand","Million dollars","2001",26.2,"Beverages"
"Total beverages ","New Zealand","Million dollars","2000",22.7,"Beverages"
"Total beverages ","New Zealand","Million dollars","1999",17.8,"Beverages"
"Total beverages ","Spain","Million dollars","2023",405.3,"Beverages"
"Total beverages ","Spain","Million dollars","2022",433.6,"Beverages"
"Total beverages ","Spain","Million dollars","2021",453.8,"Beverages"
"Total beverages ","Spain","Million dollars","2020",352.6,"Beverages"
"Total beverages ","Spain","Million dollars","2019",385.5,"Beverages"
"Total beverages ","Spain","Million dollars","2018",393.6,"Beverages"
"Total beverages ","Spain","Million dollars","2017",385.5,"Beverages"
"Total beverages ","Spain","Million dollars","2016",365.5,"Beverages"
"Total beverages ","Spain","Million dollars","2015",352.5,"Beverages"
"Total beverages ","Spain","Million dollars","2014",360.7,"Beverages"
"Total beverages ","Spain","Million dollars","2013",355.3,"Beverages"
"Total beverages ","Spain","Million dollars","2012",332.7,"Beverages"
"Total beverages ","Spain","Million dollars","2011",311,"Beverages"
"Total beverages ","Spain","Million dollars","2010",279.5,"Beverages"
"Total beverages ","Spain","Million dollars","2009",253.4,"Beverages"
"Total beverages ","Spain","Million dollars","2008",292.4,"Beverages"
"Total beverages ","Spain","Million dollars","2007",280.2,"Beverages"
"Total beverages ","Spain","Million dollars","2006",247.4,"Beverages"
"Total beverages ","Spain","Million dollars","2005",219.9,"Beverages"
"Total beverages ","Spain","Million dollars","2004",192.3,"Beverages"
"Total beverages ","Spain","Million dollars","2003",165.4,"Beverages"
"Total beverages ","Spain","Million dollars","2002",141,"Beverages"
"Total beverages ","Spain","Million dollars","2001",117.2,"Beverages"
"Total beverages ","Spain","Million dollars","2000",108.5,"Beverages"
"Total beverages ","Spain","Million dollars","1999",120.5,"Beverages"
"Total beverages ","Austria","Million dollars","2023",379,"Beverages"
"Total beverages ","Austria","Million dollars","2022",634,"Beverages"
"Total beverages ","Austria","Million dollars","2021",932.1,"Beverages"
"Total beverages ","Austria","Million dollars","2020",1072.1,"Beverages"
"Total beverages ","Austria","Million dollars","2019",1055.4,"Beverages"
"Total beverages ","Austria","Million dollars","2018",977.2,"Beverages"
"Total beverages ","Austria","Million dollars","2017",887.3,"Beverages"
"Total beverages ","Austria","Million dollars","2016",717.2,"Beverages"
"Total beverages ","Austria","Million dollars","2015",619.9,"Beverages"
"Total beverages ","Austria","Million dollars","2014",509.8,"Beverages"
"Total beverages ","Austria","Million dollars","2013",524.7,"Beverages"
"Total beverages ","Austria","Million dollars","2012",543.9,"Beverages"
"Total beverages ","Austria","Million dollars","2011",475.1,"Beverages"
"Total beverages ","Austria","Million dollars","2010",402.3,"Beverages"
"Total beverages ","Austria","Million dollars","2009",343,"Beverages"
"Total beverages ","Austria","Million dollars","2008",339.5,"Beverages"
"Total beverages ","Austria","Million dollars","2007",609.7,"Beverages"
"Total beverages ","Austria","Million dollars","2006",770.5,"Beverages"
"Total beverages ","Austria","Million dollars","2005",450.1,"Beverages"
"Total beverages ","Austria","Million dollars","2004",342.5,"Beverages"
"Total beverages ","Austria","Million dollars","2003",190.2,"Beverages"
"Total beverages ","Austria","Million dollars","2002",89.2,"Beverages"
"Total beverages ","Austria","Million dollars","2001",94.8,"Beverages"
"Total beverages ","Austria","Million dollars","2000",50.5,"Beverages"
"Total beverages ","Austria","Million dollars","1999",17.2,"Beverages"
"Total beverages ","Australia","Million dollars","2023",299.5,"Beverages"
"Total beverages ","Australia","Million dollars","2022",337.5,"Beverages"
"Total beverages ","Australia","Million dollars","2021",326.3,"Beverages"
"Total beverages ","Australia","Million dollars","2020",344,"Beverages"
"Total beverages ","Australia","Million dollars","2019",354.1,"Beverages"
"Total beverages ","Australia","Million dollars","2018",374.9,"Beverages"
"Total beverages ","Australia","Million dollars","2017",422.9,"Beverages"
"Total beverages ","Australia","Million dollars","2016",409.6,"Beverages"
"Total beverages ","Australia","Million dollars","2015",442.9,"Beverages"
"Total beverages ","Australia","Million dollars","2014",457.7,"Beverages"
"Total beverages ","Australia","Million dollars","2013",502.6,"Beverages"
"Total beverages ","Australia","Million dollars","2012",534.7,"Beverages"
"Total beverages ","Australia","Million dollars","2011",556.3,"Beverages"
"Total beverages ","Australia","Million dollars","2010",605.7,"Beverages"
"Total beverages ","Australia","Million dollars","2009",640.9,"Beverages"
"Total beverages ","Australia","Million dollars","2008",697.2,"Beverages"
"Total beverages ","Australia","Million dollars","2007",794.6,"Beverages"
"Total beverages ","Australia","Million dollars","2006",763.4,"Beverages"
"Total beverages ","Australia","Million dollars","2005",762.3,"Beverages"
"Total beverages ","Australia","Million dollars","2004",729.8,"Beverages"
"Total beverages ","Australia","Million dollars","2003",626.4,"Beverages"
"Total beverages ","Australia","Million dollars","2002",458.7,"Beverages"
"Total beverages ","Australia","Million dollars","2001",346.2,"Beverages"
"Total beverages ","Australia","Million dollars","2000",282.2,"Beverages"
"Total beverages ","Australia","Million dollars","1999",204.3,"Beverages"
"Total beverages ","Rest of world","Million dollars","2023",2479.1,"Beverages"
"Total beverages ","Rest of world","Million dollars","2022",2970.7,"Beverages"
"Total beverages ","Rest of world","Million dollars","2021",3411.5,"Beverages"
"Total beverages ","Rest of world","Million dollars","2020",3042.2,"Beverages"
"Total beverages ","Rest of world","Million dollars","2019",3268.3,"Beverages"
"Total beverages ","Rest of world","Million dollars","2018",3448.6,"Beverages"
"Total beverages ","Rest of world","Million dollars","2017",3649.6,"Beverages"
"Total beverages ","Rest of world","Million dollars","2016",3628.7,"Beverages"
"Total beverages ","Rest of world","Million dollars","2015",3570.1,"Beverages"
"Total beverages ","Rest of world","Million dollars","2014",3203.9,"Beverages"
"Total beverages ","Rest of world","Million dollars","2013",3084.2,"Beverages"
"Total beverages ","Rest of world","Million dollars","2012",3002.7,"Beverages"
"Total beverages ","Rest of world","Million dollars","2011",2676.7,"Beverages"
"Total beverages ","Rest of world","Million dollars","2010",2362.2,"Beverages"
"Total beverages ","Rest of world","Million dollars","2009",2127.6,"Beverages"
"Total beverages ","Rest of world","Million dollars","2008",2252.9,"Beverages"
"Total beverages ","Rest of world","Million dollars","2007",1812.1,"Beverages"
"Total beverages ","Rest of world","Million dollars","2006",1477.1,"Beverages"
"Total beverages ","Rest of world","Million dollars","2005",1331.5,"Beverages"
"Total beverages ","Rest of world","Million dollars","2004",1106.4,"Beverages"
"Total beverages ","Rest of world","Million dollars","2003",1020.3,"Beverages"
"Total beverages ","Rest of world","Million dollars","2002",957.400000000001,"Beverages"
"Total beverages ","Rest of world","Million dollars","2001",883.8,"Beverages"
"Total beverages ","Rest of world","Million dollars","2000",884.599999999999,"Beverages"
"Total beverages ","Rest of world","Million dollars","1999",789.6,"Beverages"
"Total beverages ","World","Million dollars","2023",17913,"Beverages"
"Total beverages ","World","Million dollars","2022",18690.1,"Beverages"
"Total beverages ","World","Million dollars","2021",18549.2,"Beverages"
"Total beverages ","World","Million dollars","2020",16124,"Beverages"
"Total beverages ","World","Million dollars","2019",16033.3,"Beverages"
"Total beverages ","World","Million dollars","2018",15547.5,"Beverages"
"Total beverages ","World","Million dollars","2017",14912.8,"Beverages"
"Total beverages ","World","Million dollars","2016",13982.2,"Beverages"
"Total beverages ","World","Million dollars","2015",13237.9,"Beverages"
"Total beverages ","World","Million dollars","2014",12392.2,"Beverages"
"Total beverages ","World","Million dollars","2013",11629,"Beverages"
"Total beverages ","World","Million dollars","2012",11240.6,"Beverages"
"Total beverages ","World","Million dollars","2011",10482.1,"Beverages"
"Total beverages ","World","Million dollars","2010",9587.4,"Beverages"
"Total beverages ","World","Million dollars","2009",8989.7,"Beverages"
"Total beverages ","World","Million dollars","2008",10177.8,"Beverages"
"Total beverages ","World","Million dollars","2007",10269.8,"Beverages"
"Total beverages ","World","Million dollars","2006",9510.4,"Beverages"
"Total beverages ","World","Million dollars","2005",8206.1,"Beverages"
"Total beverages ","World","Million dollars","2004",7352.9,"Beverages"
"Total beverages ","World","Million dollars","2003",6942.7,"Beverages"
"Total beverages ","World","Million dollars","2002",6129.3,"Beverages"
"Total beverages ","World","Million dollars","2001",5394,"Beverages"
"Total beverages ","World","Million dollars","2000",5104.9,"Beverages"
"Total beverages ","World","Million dollars","1999",4718.1,"Beverages"
"Total beverages ","World (quantity)","1,000 litpf","2023",9503,"Beverages"
"Total beverages ","World (quantity)","1,000 litpf","2022",9755,"Beverages"
"Total beverages ","World (quantity)","1,000 litpf","2021",9925.6,"Beverages"
"Total beverages ","World (quantity)","1,000 litpf","2020",8987.8,"Beverages"
"Total beverages ","World (quantity)","1,000 litpf","2019",8487.3,"Beverages"
"Total beverages ","World (quantity)","1,000 litpf","2018",8241.1,"Beverages"
"Total beverages ","World (quantity)","1,000 litpf","2017",8173.9,"Beverages"
"Total beverages ","World (quantity)","1,000 litpf","2016",7762.9,"Beverages"
"Total beverages ","World (quantity)","1,000 litpf","2015",7232.6,"Beverages"
"Total beverages ","World (quantity)","1,000 litpf","2014",6674.1,"Beverages"
"Total beverages ","World (quantity)","1,000 litpf","2013",6346.6,"Beverages"
"Total beverages ","World (quantity)","1,000 litpf","2012",6376.9,"Beverages"
"Total beverages ","World (quantity)","1,000 litpf","2011",6014.6,"Beverages"
"Total beverages ","World (quantity)","1,000 litpf","2010",5789.5,"Beverages"
"Total beverages ","World (quantity)","1,000 litpf","2009",5576.8,"Beverages"
"Total beverages ","World (quantity)","1,000 litpf","2008",6043.7,"Beverages"
"Total beverages ","World (quantity)","1,000 litpf","2007",6280.7,"Beverages"
"Total beverages ","World (quantity)","1,000 litpf","2006",6075.3,"Beverages"
"Total beverages ","World (quantity)","1,000 litpf","2005",5472.9,"Beverages"
"Total beverages ","World (quantity)","1,000 litpf","2004",5244.9,"Beverages"
"Total beverages ","World (quantity)","1,000 litpf","2003",5095.6,"Beverages"
"Total beverages ","World (quantity)","1,000 litpf","2002",4441.3,"Beverages"
"Total beverages ","World (quantity)","1,000 litpf","2001",4162.3,"Beverages"
"Total beverages ","World (quantity)","1,000 litpf","2000",3898.2,"Beverages"
"Total beverages ","World (quantity)","1,000 litpf","1999",3538,"Beverages"
"Wine ","France","Million dollars","2023",2473.5,"Beverages"
"Wine ","France","Million dollars","2022",2657.1,"Beverages"
"Wine ","France","Million dollars","2021",2541.4,"Beverages"
"Wine ","France","Million dollars","2020",1703.5,"Beverages"
"Wine ","France","Million dollars","2019",2118.7,"Beverages"
"Wine ","France","Million dollars","2018",2063.5,"Beverages"
"Wine ","France","Million dollars","2017",1829.9,"Beverages"
"Wine ","France","Million dollars","2016",1588.5,"Beverages"
"Wine ","France","Million dollars","2015",1538.1,"Beverages"
"Wine ","France","Million dollars","2014",1474.8,"Beverages"
"Wine ","France","Million dollars","2013",1409,"Beverages"
"Wine ","France","Million dollars","2012",1348.3,"Beverages"
"Wine ","France","Million dollars","2011",1231,"Beverages"
"Wine ","France","Million dollars","2010",992.4,"Beverages"
"Wine ","France","Million dollars","2009",968.8,"Beverages"
"Wine ","France","Million dollars","2008",1415.8,"Beverages"
"Wine ","France","Million dollars","2007",1434.8,"Beverages"
"Wine ","France","Million dollars","2006",1291.1,"Beverages"
"Wine ","France","Million dollars","2005",1087.8,"Beverages"
"Wine ","France","Million dollars","2004",1025.5,"Beverages"
"Wine ","France","Million dollars","2003",1122.2,"Beverages"
"Wine ","France","Million dollars","2002",914,"Beverages"
"Wine ","France","Million dollars","2001",811.4,"Beverages"
"Wine ","France","Million dollars","2000",897.3,"Beverages"
"Wine ","France","Million dollars","1999",1008,"Beverages"
"Wine ","Italy","Million dollars","2023",2253.9,"Beverages"
"Wine ","Italy","Million dollars","2022",2474,"Beverages"
"Wine ","Italy","Million dollars","2021",2524.5,"Beverages"
"Wine ","Italy","Million dollars","2020",2106.7,"Beverages"
"Wine ","Italy","Million dollars","2019",2053.9,"Beverages"
"Wine ","Italy","Million dollars","2018",2071.7,"Beverages"
"Wine ","Italy","Million dollars","2017",1931.6,"Beverages"
"Wine ","Italy","Million dollars","2016",1859.5,"Beverages"
"Wine ","Italy","Million dollars","2015",1747,"Beverages"
"Wine ","Italy","Million dollars","2014",1740.5,"Beverages"
"Wine ","Italy","Million dollars","2013",1646.8,"Beverages"
"Wine ","Italy","Million dollars","2012",1505.5,"Beverages"
"Wine ","Italy","Million dollars","2011",1518.1,"Beverages"
"Wine ","Italy","Million dollars","2010",1282,"Beverages"
"Wine ","Italy","Million dollars","2009",1197.3,"Beverages"
"Wine ","Italy","Million dollars","2008",1309.1,"Beverages"
"Wine ","Italy","Million dollars","2007",1285,"Beverages"
"Wine ","Italy","Million dollars","2006",1173.1,"Beverages"
"Wine ","Italy","Million dollars","2005",1075.8,"Beverages"
"Wine ","Italy","Million dollars","2004",968.2,"Beverages"
"Wine ","Italy","Million dollars","2003",927.1,"Beverages"
"Wine ","Italy","Million dollars","2002",777.9,"Beverages"
"Wine ","Italy","Million dollars","2001",630.6,"Beverages"
"Wine ","Italy","Million dollars","2000",584.9,"Beverages"
"Wine ","Italy","Million dollars","1999",545.9,"Beverages"
"Wine ","New Zealand","Million dollars","2023",595.8,"Beverages"
"Wine ","New Zealand","Million dollars","2022",584,"Beverages"
"Wine ","New Zealand","Million dollars","2021",551.3,"Beverages"
"Wine ","New Zealand","Million dollars","2020",489,"Beverages"
"Wine ","New Zealand","Million dollars","2019",465.3,"Beverages"
"Wine ","New Zealand","Million dollars","2018",437.9,"Beverages"
"Wine ","New Zealand","Million dollars","2017",423.8,"Beverages"
"Wine ","New Zealand","Million dollars","2016",400.9,"Beverages"
"Wine ","New Zealand","Million dollars","2015",361,"Beverages"
"Wine ","New Zealand","Million dollars","2014",328,"Beverages"
"Wine ","New Zealand","Million dollars","2013",282,"Beverages"
"Wine ","New Zealand","Million dollars","2012",248.6,"Beverages"
"Wine ","New Zealand","Million dollars","2011",199.7,"Beverages"
"Wine ","New Zealand","Million dollars","2010",197.5,"Beverages"
"Wine ","New Zealand","Million dollars","2009",152.6,"Beverages"
"Wine ","New Zealand","Million dollars","2008",145.5,"Beverages"
"Wine ","New Zealand","Million dollars","2007",145.5,"Beverages"
"Wine ","New Zealand","Million dollars","2006",103.5,"Beverages"
"Wine ","New Zealand","Million dollars","2005",93.9,"Beverages"
"Wine ","New Zealand","Million dollars","2004",61,"Beverages"
"Wine ","New Zealand","Million dollars","2003",43.4,"Beverages"
"Wine ","New Zealand","Million dollars","2002",30.4,"Beverages"
"Wine ","New Zealand","Million dollars","2001",20.7,"Beverages"
"Wine ","New Zealand","Million dollars","2000",17.5,"Beverages"
"Wine ","New Zealand","Million dollars","1999",12.1,"Beverages"
"Wine ","Spain","Million dollars","2023",382.1,"Beverages"
"Wine ","Spain","Million dollars","2022",416.8,"Beverages"
"Wine ","Spain","Million dollars","2021",438.8,"Beverages"
"Wine ","Spain","Million dollars","2020",342.5,"Beverages"
"Wine ","Spain","Million dollars","2019",377.8,"Beverages"
"Wine ","Spain","Million dollars","2018",385,"Beverages"
"Wine ","Spain","Million dollars","2017",378.2,"Beverages"
"Wine ","Spain","Million dollars","2016",359.3,"Beverages"
"Wine ","Spain","Million dollars","2015",346.1,"Beverages"
"Wine ","Spain","Million dollars","2014",353.9,"Beverages"
"Wine ","Spain","Million dollars","2013",349,"Beverages"
"Wine ","Spain","Million dollars","2012",326.6,"Beverages"
"Wine ","Spain","Million dollars","2011",305.2,"Beverages"
"Wine ","Spain","Million dollars","2010",273.9,"Beverages"
"Wine ","Spain","Million dollars","2009",248.1,"Beverages"
"Wine ","Spain","Million dollars","2008",285.2,"Beverages"
"Wine ","Spain","Million dollars","2007",271.8,"Beverages"
"Wine ","Spain","Million dollars","2006",237.7,"Beverages"
"Wine ","Spain","Million dollars","2005",211.4,"Beverages"
"Wine ","Spain","Million dollars","2004",185.3,"Beverages"
"Wine ","Spain","Million dollars","2003",158,"Beverages"
"Wine ","Spain","Million dollars","2002",134,"Beverages"
"Wine ","Spain","Million dollars","2001",112,"Beverages"
"Wine ","Spain","Million dollars","2000",105.3,"Beverages"
"Wine ","Spain","Million dollars","1999",119.2,"Beverages"
"Wine ","Australia","Million dollars","2023",270.2,"Beverages"
"Wine ","Australia","Million dollars","2022",309.4,"Beverages"
"Wine ","Australia","Million dollars","2021",293.4,"Beverages"
"Wine ","Australia","Million dollars","2020",319.3,"Beverages"
"Wine ","Australia","Million dollars","2019",338.4,"Beverages"
"Wine ","Australia","Million dollars","2018",356.8,"Beverages"
"Wine ","Australia","Million dollars","2017",407.3,"Beverages"
"Wine ","Australia","Million dollars","2016",393.8,"Beverages"
"Wine ","Australia","Million dollars","2015",431.7,"Beverages"
"Wine ","Australia","Million dollars","2014",450.4,"Beverages"
"Wine ","Australia","Million dollars","2013",498.2,"Beverages"
"Wine ","Australia","Million dollars","2012",530.7,"Beverages"
"Wine ","Australia","Million dollars","2011",553.6,"Beverages"
"Wine ","Australia","Million dollars","2010",603.4,"Beverages"
"Wine ","Australia","Million dollars","2009",638.6,"Beverages"
"Wine ","Australia","Million dollars","2008",693.9,"Beverages"
"Wine ","Australia","Million dollars","2007",791.9,"Beverages"
"Wine ","Australia","Million dollars","2006",761.6,"Beverages"
"Wine ","Australia","Million dollars","2005",761,"Beverages"
"Wine ","Australia","Million dollars","2004",728.2,"Beverages"
"Wine ","Australia","Million dollars","2003",625.6,"Beverages"
"Wine ","Australia","Million dollars","2002",457.9,"Beverages"
"Wine ","Australia","Million dollars","2001",345.4,"Beverages"
"Wine ","Australia","Million dollars","2000",281.3,"Beverages"
"Wine ","Australia","Million dollars","1999",203.6,"Beverages"
"Wine ","Argentina","Million dollars","2023",200.2,"Beverages"
"Wine ","Argentina","Million dollars","2022",280.8,"Beverages"
"Wine ","Argentina","Million dollars","2021",265.4,"Beverages"
"Wine ","Argentina","Million dollars","2020",251,"Beverages"
"Wine ","Argentina","Million dollars","2019",270.1,"Beverages"
"Wine ","Argentina","Million dollars","2018",285.1,"Beverages"
"Wine ","Argentina","Million dollars","2017",309.2,"Beverages"
"Wine ","Argentina","Million dollars","2016",330.4,"Beverages"
"Wine ","Argentina","Million dollars","2015",345.3,"Beverages"
"Wine ","Argentina","Million dollars","2014",351.7,"Beverages"
"Wine ","Argentina","Million dollars","2013",378.1,"Beverages"
"Wine ","Argentina","Million dollars","2012",402.7,"Beverages"
"Wine ","Argentina","Million dollars","2011",341,"Beverages"
"Wine ","Argentina","Million dollars","2010",269.8,"Beverages"
"Wine ","Argentina","Million dollars","2009",215.6,"Beverages"
"Wine ","Argentina","Million dollars","2008",183.6,"Beverages"
"Wine ","Argentina","Million dollars","2007",131.8,"Beverages"
"Wine ","Argentina","Million dollars","2006",92.1,"Beverages"
"Wine ","Argentina","Million dollars","2005",66.8,"Beverages"
"Wine ","Argentina","Million dollars","2004",47.4,"Beverages"
"Wine ","Argentina","Million dollars","2003",37.3,"Beverages"
"Wine ","Argentina","Million dollars","2002",34.9,"Beverages"
"Wine ","Argentina","Million dollars","2001",36.3,"Beverages"
"Wine ","Argentina","Million dollars","2000",32.5,"Beverages"
"Wine ","Argentina","Million dollars","1999",21.7,"Beverages"
"Wine ","Canada","Million dollars","2023",196.1,"Beverages"
"Wine ","Canada","Million dollars","2022",182.7,"Beverages"
"Wine ","Canada","Million dollars","2021",181.3,"Beverages"
"Wine ","Canada","Million dollars","2020",143.9,"Beverages"
"Wine ","Canada","Million dollars","2019",136.7,"Beverages"
"Wine ","Canada","Million dollars","2018",95.4,"Beverages"
"Wine ","Canada","Million dollars","2017",80.7,"Beverages"
"Wine ","Canada","Million dollars","2016",77.4,"Beverages"
"Wine ","Canada","Million dollars","2015",61.8,"Beverages"
"Wine ","Canada","Million dollars","2014",53.1,"Beverages"
"Wine ","Canada","Million dollars","2013",38.8,"Beverages"
"Wine ","Canada","Million dollars","2012",27.8,"Beverages"
"Wine ","Canada","Million dollars","2011",31,"Beverages"
"Wine ","Canada","Million dollars","2010",13.6,"Beverages"
"Wine ","Canada","Million dollars","2009",9.1,"Beverages"
"Wine ","Canada","Million dollars","2008",11.6,"Beverages"
"Wine ","Canada","Million dollars","2007",10.4,"Beverages"
"Wine ","Canada","Million dollars","2006",21.7,"Beverages"
"Wine ","Canada","Million dollars","2005",33.6,"Beverages"
"Wine ","Canada","Million dollars","2004",24.2,"Beverages"
"Wine ","Canada","Million dollars","2003",41.3,"Beverages"
"Wine ","Canada","Million dollars","2002",66.9,"Beverages"
"Wine ","Canada","Million dollars","2001",63.1,"Beverages"
"Wine ","Canada","Million dollars","2000",48.5,"Beverages"
"Wine ","Canada","Million dollars","1999",23.5,"Beverages"
"Wine ","Rest of world","Million dollars","2023",728.7,"Beverages"
"Wine ","Rest of world","Million dollars","2022",902.3,"Beverages"
"Wine ","Rest of world","Million dollars","2021",985.9,"Beverages"
"Wine ","Rest of world","Million dollars","2020",889.1,"Beverages"
"Wine ","Rest of world","Million dollars","2019",749.1,"Beverages"
"Wine ","Rest of world","Million dollars","2018",743.8,"Beverages"
"Wine ","Rest of world","Million dollars","2017",768.8,"Beverages"
"Wine ","Rest of world","Million dollars","2016",734.8,"Beverages"
"Wine ","Rest of world","Million dollars","2015",732.6,"Beverages"
"Wine ","Rest of world","Million dollars","2014",721.400000000001,"Beverages"
"Wine ","Rest of world","Million dollars","2013",754.1,"Beverages"
"Wine ","Rest of world","Million dollars","2012",761.2,"Beverages"
"Wine ","Rest of world","Million dollars","2011",722,"Beverages"
"Wine ","Rest of world","Million dollars","2010",673,"Beverages"
"Wine ","Rest of world","Million dollars","2009",608.2,"Beverages"
"Wine ","Rest of world","Million dollars","2008",609.3,"Beverages"
"Wine ","Rest of world","Million dollars","2007",584.5,"Beverages"
"Wine ","Rest of world","Million dollars","2006",498.800000000001,"Beverages"
"Wine ","Rest of world","Million dollars","2005",465.6,"Beverages"
"Wine ","Rest of world","Million dollars","2004",403.3,"Beverages"
"Wine ","Rest of world","Million dollars","2003",356.2,"Beverages"
"Wine ","Rest of world","Million dollars","2002",324.9,"Beverages"
"Wine ","Rest of world","Million dollars","2001",296.1,"Beverages"
"Wine ","Rest of world","Million dollars","2000",289.9,"Beverages"
"Wine ","Rest of world","Million dollars","1999",276.7,"Beverages"
"Wine ","World","Million dollars","2023",7100.5,"Beverages"
"Wine ","World","Million dollars","2022",7807.1,"Beverages"
"Wine ","World","Million dollars","2021",7782,"Beverages"
"Wine ","World","Million dollars","2020",6245,"Beverages"
"Wine ","World","Million dollars","2019",6510,"Beverages"
"Wine ","World","Million dollars","2018",6439.2,"Beverages"
"Wine ","World","Million dollars","2017",6129.5,"Beverages"
"Wine ","World","Million dollars","2016",5744.6,"Beverages"
"Wine ","World","Million dollars","2015",5563.6,"Beverages"
"Wine ","World","Million dollars","2014",5473.8,"Beverages"
"Wine ","World","Million dollars","2013",5356,"Beverages"
"Wine ","World","Million dollars","2012",5151.4,"Beverages"
"Wine ","World","Million dollars","2011",4901.6,"Beverages"
"Wine ","World","Million dollars","2010",4305.6,"Beverages"
"Wine ","World","Million dollars","2009",4038.3,"Beverages"
"Wine ","World","Million dollars","2008",4654,"Beverages"
"Wine ","World","Million dollars","2007",4655.7,"Beverages"
"Wine ","World","Million dollars","2006",4179.6,"Beverages"
"Wine ","World","Million dollars","2005",3795.9,"Beverages"
"Wine ","World","Million dollars","2004",3443.1,"Beverages"
"Wine ","World","Million dollars","2003",3311.1,"Beverages"
"Wine ","World","Million dollars","2002",2740.9,"Beverages"
"Wine ","World","Million dollars","2001",2315.6,"Beverages"
"Wine ","World","Million dollars","2000",2257.2,"Beverages"
"Wine ","World","Million dollars","1999",2210.7,"Beverages"
"Wine ","World (quantity)","1,000 litpf","2023",1402.9,"Beverages"
"Wine ","World (quantity)","1,000 litpf","2022",1640.1,"Beverages"
"Wine ","World (quantity)","1,000 litpf","2021",1738.7,"Beverages"
"Wine ","World (quantity)","1,000 litpf","2020",1513.4,"Beverages"
"Wine ","World (quantity)","1,000 litpf","2019",1355.7,"Beverages"
"Wine ","World (quantity)","1,000 litpf","2018",1271,"Beverages"
"Wine ","World (quantity)","1,000 litpf","2017",1303.3,"Beverages"
"Wine ","World (quantity)","1,000 litpf","2016",1210.5,"Beverages"
"Wine ","World (quantity)","1,000 litpf","2015",1191.5,"Beverages"
"Wine ","World (quantity)","1,000 litpf","2014",1132.5,"Beverages"
"Wine ","World (quantity)","1,000 litpf","2013",1151.9,"Beverages"
"Wine ","World (quantity)","1,000 litpf","2012",1210.5,"Beverages"
"Wine ","World (quantity)","1,000 litpf","2011",1053.4,"Beverages"
"Wine ","World (quantity)","1,000 litpf","2010",968.8,"Beverages"
"Wine ","World (quantity)","1,000 litpf","2009",952.6,"Beverages"
"Wine ","World (quantity)","1,000 litpf","2008",855.2,"Beverages"
"Wine ","World (quantity)","1,000 litpf","2007",867.9,"Beverages"
"Wine ","World (quantity)","1,000 litpf","2006",805.8,"Beverages"
"Wine ","World (quantity)","1,000 litpf","2005",742.9,"Beverages"
"Wine ","World (quantity)","1,000 litpf","2004",667.3,"Beverages"
"Wine ","World (quantity)","1,000 litpf","2003",642.9,"Beverages"
"Wine ","World (quantity)","1,000 litpf","2002",604.1,"Beverages"
"Wine ","World (quantity)","1,000 litpf","2001",527.1,"Beverages"
"Wine ","World (quantity)","1,000 litpf","2000",487.7,"Beverages"
"Wine ","World (quantity)","1,000 litpf","1999",428.7,"Beverages"
"Malt beer","Mexico","Million dollars","2023",5683.3,"Beverages"
"Malt beer","Mexico","Million dollars","2022",5383.9,"Beverages"
"Malt beer","Mexico","Million dollars","2021",4863,"Beverages"
"Malt beer","Mexico","Million dollars","2020",4150.9,"Beverages"
"Malt beer","Mexico","Million dollars","2019",3946.9,"Beverages"
"Malt beer","Mexico","Million dollars","2018",3595.4,"Beverages"
"Malt beer","Mexico","Million dollars","2017",3315.9,"Beverages"
"Malt beer","Mexico","Million dollars","2016",3094.2,"Beverages"
"Malt beer","Mexico","Million dollars","2015",2722.9,"Beverages"
"Malt beer","Mexico","Million dollars","2014",2450.9,"Beverages"
"Malt beer","Mexico","Million dollars","2013",1917.4,"Beverages"
"Malt beer","Mexico","Million dollars","2012",1818.7,"Beverages"
"Malt beer","Mexico","Million dollars","2011",1676.9,"Beverages"
"Malt beer","Mexico","Million dollars","2010",1591.3,"Beverages"
"Malt beer","Mexico","Million dollars","2009",1519.9,"Beverages"
"Malt beer","Mexico","Million dollars","2008",1567,"Beverages"
"Malt beer","Mexico","Million dollars","2007",1593,"Beverages"
"Malt beer","Mexico","Million dollars","2006",1600.4,"Beverages"
"Malt beer","Mexico","Million dollars","2005",1340.5,"Beverages"
"Malt beer","Mexico","Million dollars","2004",1163.3,"Beverages"
"Malt beer","Mexico","Million dollars","2003",1068,"Beverages"
"Malt beer","Mexico","Million dollars","2002",1003.1,"Beverages"
"Malt beer","Mexico","Million dollars","2001",877.6,"Beverages"
"Malt beer","Mexico","Million dollars","2000",756.4,"Beverages"
"Malt beer","Mexico","Million dollars","1999",650.4,"Beverages"
"Malt beer","Netherlands","Million dollars","2023",622.3,"Beverages"
"Malt beer","Netherlands","Million dollars","2022",775,"Beverages"
"Malt beer","Netherlands","Million dollars","2021",744.5,"Beverages"
"Malt beer","Netherlands","Million dollars","2020",807.1,"Beverages"
"Malt beer","Netherlands","Million dollars","2019",723.7,"Beverages"
"Malt beer","Netherlands","Million dollars","2018",768.2,"Beverages"
"Malt beer","Netherlands","Million dollars","2017",785.4,"Beverages"
"Malt beer","Netherlands","Million dollars","2016",784.5,"Beverages"
"Malt beer","Netherlands","Million dollars","2015",830.2,"Beverages"
"Malt beer","Netherlands","Million dollars","2014",783.4,"Beverages"
"Malt beer","Netherlands","Million dollars","2013",844,"Beverages"
"Malt beer","Netherlands","Million dollars","2012",878.7,"Beverages"
"Malt beer","Netherlands","Million dollars","2011",862.7,"Beverages"
"Malt beer","Netherlands","Million dollars","2010",945.9,"Beverages"
"Malt beer","Netherlands","Million dollars","2009",957.3,"Beverages"
"Malt beer","Netherlands","Million dollars","2008",1055.1,"Beverages"
"Malt beer","Netherlands","Million dollars","2007",1044.4,"Beverages"
"Malt beer","Netherlands","Million dollars","2006",1074.4,"Beverages"
"Malt beer","Netherlands","Million dollars","2005",926.9,"Beverages"
"Malt beer","Netherlands","Million dollars","2004",889,"Beverages"
"Malt beer","Netherlands","Million dollars","2003",897.2,"Beverages"
"Malt beer","Netherlands","Million dollars","2002",879.5,"Beverages"
"Malt beer","Netherlands","Million dollars","2001",783,"Beverages"
"Malt beer","Netherlands","Million dollars","2000",731.6,"Beverages"
"Malt beer","Netherlands","Million dollars","1999",625.1,"Beverages"
"Malt beer","Ireland","Million dollars","2023",153.8,"Beverages"
"Malt beer","Ireland","Million dollars","2022",166.9,"Beverages"
"Malt beer","Ireland","Million dollars","2021",151.7,"Beverages"
"Malt beer","Ireland","Million dollars","2020",147.9,"Beverages"
"Malt beer","Ireland","Million dollars","2019",191.2,"Beverages"
"Malt beer","Ireland","Million dollars","2018",185.5,"Beverages"
"Malt beer","Ireland","Million dollars","2017",191.9,"Beverages"
"Malt beer","Ireland","Million dollars","2016",211.5,"Beverages"
"Malt beer","Ireland","Million dollars","2015",184.7,"Beverages"
"Malt beer","Ireland","Million dollars","2014",131.1,"Beverages"
"Malt beer","Ireland","Million dollars","2013",170.5,"Beverages"
"Malt beer","Ireland","Million dollars","2012",167,"Beverages"
"Malt beer","Ireland","Million dollars","2011",164.3,"Beverages"
"Malt beer","Ireland","Million dollars","2010",137.3,"Beverages"
"Malt beer","Ireland","Million dollars","2009",144.3,"Beverages"
"Malt beer","Ireland","Million dollars","2008",157,"Beverages"
"Malt beer","Ireland","Million dollars","2007",133.8,"Beverages"
"Malt beer","Ireland","Million dollars","2006",141.1,"Beverages"
"Malt beer","Ireland","Million dollars","2005",131.9,"Beverages"
"Malt beer","Ireland","Million dollars","2004",79.3,"Beverages"
"Malt beer","Ireland","Million dollars","2003",96.5,"Beverages"
"Malt beer","Ireland","Million dollars","2002",78,"Beverages"
"Malt beer","Ireland","Million dollars","2001",65.1,"Beverages"
"Malt beer","Ireland","Million dollars","2000",101.1,"Beverages"
"Malt beer","Ireland","Million dollars","1999",85.7,"Beverages"
"Malt beer","Canada","Million dollars","2023",105,"Beverages"
"Malt beer","Canada","Million dollars","2022",97.6,"Beverages"
"Malt beer","Canada","Million dollars","2021",100.3,"Beverages"
"Malt beer","Canada","Million dollars","2020",100.8,"Beverages"
"Malt beer","Canada","Million dollars","2019",103.2,"Beverages"
"Malt beer","Canada","Million dollars","2018",106.4,"Beverages"
"Malt beer","Canada","Million dollars","2017",109.8,"Beverages"
"Malt beer","Canada","Million dollars","2016",106.3,"Beverages"
"Malt beer","Canada","Million dollars","2015",138.9,"Beverages"
"Malt beer","Canada","Million dollars","2014",153.6,"Beverages"
"Malt beer","Canada","Million dollars","2013",175.7,"Beverages"
"Malt beer","Canada","Million dollars","2012",182.9,"Beverages"
"Malt beer","Canada","Million dollars","2011",195.8,"Beverages"
"Malt beer","Canada","Million dollars","2010",213,"Beverages"
"Malt beer","Canada","Million dollars","2009",190.6,"Beverages"
"Malt beer","Canada","Million dollars","2008",294.6,"Beverages"
"Malt beer","Canada","Million dollars","2007",282,"Beverages"
"Malt beer","Canada","Million dollars","2006",275.1,"Beverages"
"Malt beer","Canada","Million dollars","2005",231.6,"Beverages"
"Malt beer","Canada","Million dollars","2004",216.1,"Beverages"
"Malt beer","Canada","Million dollars","2003",223.2,"Beverages"
"Malt beer","Canada","Million dollars","2002",207.5,"Beverages"
"Malt beer","Canada","Million dollars","2001",228.1,"Beverages"
"Malt beer","Canada","Million dollars","2000",207.8,"Beverages"
"Malt beer","Canada","Million dollars","1999",179,"Beverages"
"Malt beer","Germany","Million dollars","2023",70.5,"Beverages"
"Malt beer","Germany","Million dollars","2022",74,"Beverages"
"Malt beer","Germany","Million dollars","2021",81,"Beverages"
"Malt beer","Germany","Million dollars","2020",68.6,"Beverages"
"Malt beer","Germany","Million dollars","2019",82.4,"Beverages"
"Malt beer","Germany","Million dollars","2018",98.7,"Beverages"
"Malt beer","Germany","Million dollars","2017",169.5,"Beverages"
"Malt beer","Germany","Million dollars","2016",121.1,"Beverages"
"Malt beer","Germany","Million dollars","2015",81.4,"Beverages"
"Malt beer","Germany","Million dollars","2014",83.2,"Beverages"
"Malt beer","Germany","Million dollars","2013",99.5,"Beverages"
"Malt beer","Germany","Million dollars","2012",112.4,"Beverages"
"Malt beer","Germany","Million dollars","2011",147.6,"Beverages"
"Malt beer","Germany","Million dollars","2010",148.8,"Beverages"
"Malt beer","Germany","Million dollars","2009",127.8,"Beverages"
"Malt beer","Germany","Million dollars","2008",135.9,"Beverages"
"Malt beer","Germany","Million dollars","2007",140,"Beverages"
"Malt beer","Germany","Million dollars","2006",140,"Beverages"
"Malt beer","Germany","Million dollars","2005",145.4,"Beverages"
"Malt beer","Germany","Million dollars","2004",145.7,"Beverages"
"Malt beer","Germany","Million dollars","2003",151,"Beverages"
"Malt beer","Germany","Million dollars","2002",153,"Beverages"
"Malt beer","Germany","Million dollars","2001",147.1,"Beverages"
"Malt beer","Germany","Million dollars","2000",141.5,"Beverages"
"Malt beer","Germany","Million dollars","1999",136.8,"Beverages"
"Malt beer","Belgium","Million dollars","2023",41,"Beverages"
"Malt beer","Belgium","Million dollars","2022",51,"Beverages"
"Malt beer","Belgium","Million dollars","2021",222.6,"Beverages"
"Malt beer","Belgium","Million dollars","2020",333.6,"Beverages"
"Malt beer","Belgium","Million dollars","2019",367,"Beverages"
"Malt beer","Belgium","Million dollars","2018",310.6,"Beverages"
"Malt beer","Belgium","Million dollars","2017",300.2,"Beverages"
"Malt beer","Belgium","Million dollars","2016",327.9,"Beverages"
"Malt beer","Belgium","Million dollars","2015",369.5,"Beverages"
"Malt beer","Belgium","Million dollars","2014",306.5,"Beverages"
"Malt beer","Belgium","Million dollars","2013",238.2,"Beverages"
"Malt beer","Belgium","Million dollars","2012",233.7,"Beverages"
"Malt beer","Belgium","Million dollars","2011",209.7,"Beverages"
"Malt beer","Belgium","Million dollars","2010",162.8,"Beverages"
"Malt beer","Belgium","Million dollars","2009",121.3,"Beverages"
"Malt beer","Belgium","Million dollars","2008",146,"Beverages"
"Malt beer","Belgium","Million dollars","2007",133.5,"Beverages"
"Malt beer","Belgium","Million dollars","2006",69.1,"Beverages"
"Malt beer","Belgium","Million dollars","2005",47.1,"Beverages"
"Malt beer","Belgium","Million dollars","2004",32.4,"Beverages"
"Malt beer","Belgium","Million dollars","2003",25.4,"Beverages"
"Malt beer","Belgium","Million dollars","2002",16.4,"Beverages"
"Malt beer","Belgium","Million dollars","2001",14.7,"Beverages"
"Malt beer","Belgium","Million dollars","2000",8.6,"Beverages"
"Malt beer","Belgium","Million dollars","1999",6.9,"Beverages"
"Malt beer","Italy","Million dollars","2023",30.2,"Beverages"
"Malt beer","Italy","Million dollars","2022",29,"Beverages"
"Malt beer","Italy","Million dollars","2021",31.1,"Beverages"
"Malt beer","Italy","Million dollars","2020",22,"Beverages"
"Malt beer","Italy","Million dollars","2019",23.1,"Beverages"
"Malt beer","Italy","Million dollars","2018",19.2,"Beverages"
"Malt beer","Italy","Million dollars","2017",18.8,"Beverages"
"Malt beer","Italy","Million dollars","2016",15.9,"Beverages"
"Malt beer","Italy","Million dollars","2015",16.7,"Beverages"
"Malt beer","Italy","Million dollars","2014",23.2,"Beverages"
"Malt beer","Italy","Million dollars","2013",22.4,"Beverages"
"Malt beer","Italy","Million dollars","2012",31.5,"Beverages"
"Malt beer","Italy","Million dollars","2011",31.1,"Beverages"
"Malt beer","Italy","Million dollars","2010",28.9,"Beverages"
"Malt beer","Italy","Million dollars","2009",25.5,"Beverages"
"Malt beer","Italy","Million dollars","2008",25,"Beverages"
"Malt beer","Italy","Million dollars","2007",18.6,"Beverages"
"Malt beer","Italy","Million dollars","2006",14.4,"Beverages"
"Malt beer","Italy","Million dollars","2005",11.8,"Beverages"
"Malt beer","Italy","Million dollars","2004",9.7,"Beverages"
"Malt beer","Italy","Million dollars","2003",9.9,"Beverages"
"Malt beer","Italy","Million dollars","2002",8.1,"Beverages"
"Malt beer","Italy","Million dollars","2001",6.7,"Beverages"
"Malt beer","Italy","Million dollars","2000",7.1,"Beverages"
"Malt beer","Italy","Million dollars","1999",8,"Beverages"
"Malt beer","Rest of world","Million dollars","2023",133,"Beverages"
"Malt beer","Rest of world","Million dollars","2022",128.6,"Beverages"
"Malt beer","Rest of world","Million dollars","2021",167.3,"Beverages"
"Malt beer","Rest of world","Million dollars","2020",108.200000000001,"Beverages"
"Malt beer","Rest of world","Million dollars","2019",149.8,"Beverages"
"Malt beer","Rest of world","Million dollars","2018",231.4,"Beverages"
"Malt beer","Rest of world","Million dollars","2017",172.6,"Beverages"
"Malt beer","Rest of world","Million dollars","2016",185.8,"Beverages"
"Malt beer","Rest of world","Million dollars","2015",183.599999999999,"Beverages"
"Malt beer","Rest of world","Million dollars","2014",195.8,"Beverages"
"Malt beer","Rest of world","Million dollars","2013",215.9,"Beverages"
"Malt beer","Rest of world","Million dollars","2012",258.1,"Beverages"
"Malt beer","Rest of world","Million dollars","2011",262.2,"Beverages"
"Malt beer","Rest of world","Million dollars","2010",263.6,"Beverages"
"Malt beer","Rest of world","Million dollars","2009",238.8,"Beverages"
"Malt beer","Rest of world","Million dollars","2008",267.1,"Beverages"
"Malt beer","Rest of world","Million dollars","2007",256.6,"Beverages"
"Malt beer","Rest of world","Million dollars","2006",248.1,"Beverages"
"Malt beer","Rest of world","Million dollars","2005",245.4,"Beverages"
"Malt beer","Rest of world","Million dollars","2004",216.1,"Beverages"
"Malt beer","Rest of world","Million dollars","2003",194.4,"Beverages"
"Malt beer","Rest of world","Million dollars","2002",220.1,"Beverages"
"Malt beer","Rest of world","Million dollars","2001",210.7,"Beverages"
"Malt beer","Rest of world","Million dollars","2000",211.3,"Beverages"
"Malt beer","Rest of world","Million dollars","1999",189.5,"Beverages"
"Malt beer","World","Million dollars","2023",6839.1,"Beverages"
"Malt beer","World","Million dollars","2022",6706,"Beverages"
"Malt beer","World","Million dollars","2021",6361.5,"Beverages"
"Malt beer","World","Million dollars","2020",5739.1,"Beverages"
"Malt beer","World","Million dollars","2019",5587.3,"Beverages"
"Malt beer","World","Million dollars","2018",5315.4,"Beverages"
"Malt beer","World","Million dollars","2017",5064.1,"Beverages"
"Malt beer","World","Million dollars","2016",4847.2,"Beverages"
"Malt beer","World","Million dollars","2015",4527.9,"Beverages"
"Malt beer","World","Million dollars","2014",4127.7,"Beverages"
"Malt beer","World","Million dollars","2013",3683.6,"Beverages"
"Malt beer","World","Million dollars","2012",3683,"Beverages"
"Malt beer","World","Million dollars","2011",3550.3,"Beverages"
"Malt beer","World","Million dollars","2010",3491.6,"Beverages"
"Malt beer","World","Million dollars","2009",3325.5,"Beverages"
"Malt beer","World","Million dollars","2008",3647.7,"Beverages"
"Malt beer","World","Million dollars","2007",3601.9,"Beverages"
"Malt beer","World","Million dollars","2006",3562.6,"Beverages"
"Malt beer","World","Million dollars","2005",3080.6,"Beverages"
"Malt beer","World","Million dollars","2004",2751.6,"Beverages"
"Malt beer","World","Million dollars","2003",2665.6,"Beverages"
"Malt beer","World","Million dollars","2002",2565.7,"Beverages"
"Malt beer","World","Million dollars","2001",2333,"Beverages"
"Malt beer","World","Million dollars","2000",2165.4,"Beverages"
"Malt beer","World","Million dollars","1999",1881.4,"Beverages"
"Malt beer","World (quantity)","1,000 litpf","2023",4703.8,"Beverages"
"Malt beer","World (quantity)","1,000 litpf","2022",4751.2,"Beverages"
"Malt beer","World (quantity)","1,000 litpf","2021",4622.3,"Beverages"
"Malt beer","World (quantity)","1,000 litpf","2020",4262.1,"Beverages"
"Malt beer","World (quantity)","1,000 litpf","2019",4225.4,"Beverages"
"Malt beer","World (quantity)","1,000 litpf","2018",4149.2,"Beverages"
"Malt beer","World (quantity)","1,000 litpf","2017",4021,"Beverages"
"Malt beer","World (quantity)","1,000 litpf","2016",3897.3,"Beverages"
"Malt beer","World (quantity)","1,000 litpf","2015",3658.2,"Beverages"
"Malt beer","World (quantity)","1,000 litpf","2014",3443.1,"Beverages"
"Malt beer","World (quantity)","1,000 litpf","2013",3210.9,"Beverages"
"Malt beer","World (quantity)","1,000 litpf","2012",3233.3,"Beverages"
"Malt beer","World (quantity)","1,000 litpf","2011",3186.8,"Beverages"
"Malt beer","World (quantity)","1,000 litpf","2010",3146.4,"Beverages"
"Malt beer","World (quantity)","1,000 litpf","2009",3014.6,"Beverages"
"Malt beer","World (quantity)","1,000 litpf","2008",3344.5,"Beverages"
"Malt beer","World (quantity)","1,000 litpf","2007",3447.6,"Beverages"
"Malt beer","World (quantity)","1,000 litpf","2006",3413.3,"Beverages"
"Malt beer","World (quantity)","1,000 litpf","2005",2978.5,"Beverages"
"Malt beer","World (quantity)","1,000 litpf","2004",2777.3,"Beverages"
"Malt beer","World (quantity)","1,000 litpf","2003",2745,"Beverages"
"Malt beer","World (quantity)","1,000 litpf","2002",2692.1,"Beverages"
"Malt beer","World (quantity)","1,000 litpf","2001",2537.3,"Beverages"
"Malt beer","World (quantity)","1,000 litpf","2000",2331.2,"Beverages"
"Malt beer","World (quantity)","1,000 litpf","1999",2075.1,"Beverages"
"Nonalcoholic beverages ","Mexico","Million dollars","2023",1002,"Beverages"
"Nonalcoholic beverages ","Mexico","Million dollars","2022",880.1,"Beverages"
"Nonalcoholic beverages ","Mexico","Million dollars","2021",726.9,"Beverages"
"Nonalcoholic beverages ","Mexico","Million dollars","2020",554.3,"Beverages"
"Nonalcoholic beverages ","Mexico","Million dollars","2019",474.4,"Beverages"
"Nonalcoholic beverages ","Mexico","Million dollars","2018",418.8,"Beverages"
"Nonalcoholic beverages ","Mexico","Million dollars","2017",367.2,"Beverages"
"Nonalcoholic beverages ","Mexico","Million dollars","2016",330.3,"Beverages"
"Nonalcoholic beverages ","Mexico","Million dollars","2015",324.2,"Beverages"
"Nonalcoholic beverages ","Mexico","Million dollars","2014",334.9,"Beverages"
"Nonalcoholic beverages ","Mexico","Million dollars","2013",326.4,"Beverages"
"Nonalcoholic beverages ","Mexico","Million dollars","2012",290.6,"Beverages"
"Nonalcoholic beverages ","Mexico","Million dollars","2011",277,"Beverages"
"Nonalcoholic beverages ","Mexico","Million dollars","2010",267.6,"Beverages"
"Nonalcoholic beverages ","Mexico","Million dollars","2009",243.7,"Beverages"
"Nonalcoholic beverages ","Mexico","Million dollars","2008",263.8,"Beverages"
"Nonalcoholic beverages ","Mexico","Million dollars","2007",283.9,"Beverages"
"Nonalcoholic beverages ","Mexico","Million dollars","2006",259.8,"Beverages"
"Nonalcoholic beverages ","Mexico","Million dollars","2005",228.9,"Beverages"
"Nonalcoholic beverages ","Mexico","Million dollars","2004",196.5,"Beverages"
"Nonalcoholic beverages ","Mexico","Million dollars","2003",187.4,"Beverages"
"Nonalcoholic beverages ","Mexico","Million dollars","2002",177.7,"Beverages"
"Nonalcoholic beverages ","Mexico","Million dollars","2001",157,"Beverages"
"Nonalcoholic beverages ","Mexico","Million dollars","2000",131.7,"Beverages"
"Nonalcoholic beverages ","Mexico","Million dollars","1999",112.8,"Beverages"
"Nonalcoholic beverages ","Canada","Million dollars","2023",515.4,"Beverages"
"Nonalcoholic beverages ","Canada","Million dollars","2022",438.1,"Beverages"
"Nonalcoholic beverages ","Canada","Million dollars","2021",374.6,"Beverages"
"Nonalcoholic beverages ","Canada","Million dollars","2020",322.8,"Beverages"
"Nonalcoholic beverages ","Canada","Million dollars","2019",283.3,"Beverages"
"Nonalcoholic beverages ","Canada","Million dollars","2018",223.6,"Beverages"
"Nonalcoholic beverages ","Canada","Million dollars","2017",162.8,"Beverages"
"Nonalcoholic beverages ","Canada","Million dollars","2016",147,"Beverages"
"Nonalcoholic beverages ","Canada","Million dollars","2015",89.4,"Beverages"
"Nonalcoholic beverages ","Canada","Million dollars","2014",96.5,"Beverages"
"Nonalcoholic beverages ","Canada","Million dollars","2013",138.3,"Beverages"
"Nonalcoholic beverages ","Canada","Million dollars","2012",167.5,"Beverages"
"Nonalcoholic beverages ","Canada","Million dollars","2011",136.2,"Beverages"
"Nonalcoholic beverages ","Canada","Million dollars","2010",118.6,"Beverages"
"Nonalcoholic beverages ","Canada","Million dollars","2009",102.6,"Beverages"
"Nonalcoholic beverages ","Canada","Million dollars","2008",130.9,"Beverages"
"Nonalcoholic beverages ","Canada","Million dollars","2007",140.2,"Beverages"
"Nonalcoholic beverages ","Canada","Million dollars","2006",191.6,"Beverages"
"Nonalcoholic beverages ","Canada","Million dollars","2005",227.7,"Beverages"
"Nonalcoholic beverages ","Canada","Million dollars","2004",247.3,"Beverages"
"Nonalcoholic beverages ","Canada","Million dollars","2003",269.2,"Beverages"
"Nonalcoholic beverages ","Canada","Million dollars","2002",262.3,"Beverages"
"Nonalcoholic beverages ","Canada","Million dollars","2001",220.9,"Beverages"
"Nonalcoholic beverages ","Canada","Million dollars","2000",237,"Beverages"
"Nonalcoholic beverages ","Canada","Million dollars","1999",272.1,"Beverages"
"Nonalcoholic beverages ","Italy","Million dollars","2023",459.4,"Beverages"
"Nonalcoholic beverages ","Italy","Million dollars","2022",374,"Beverages"
"Nonalcoholic beverages ","Italy","Million dollars","2021",291.2,"Beverages"
"Nonalcoholic beverages ","Italy","Million dollars","2020",358.1,"Beverages"
"Nonalcoholic beverages ","Italy","Million dollars","2019",332.1,"Beverages"
"Nonalcoholic beverages ","Italy","Million dollars","2018",279.7,"Beverages"
"Nonalcoholic beverages ","Italy","Million dollars","2017",260.1,"Beverages"
"Nonalcoholic beverages ","Italy","Million dollars","2016",240.6,"Beverages"
"Nonalcoholic beverages ","Italy","Million dollars","2015",241.7,"Beverages"
"Nonalcoholic beverages ","Italy","Million dollars","2014",221,"Beverages"
"Nonalcoholic beverages ","Italy","Million dollars","2013",189.3,"Beverages"
"Nonalcoholic beverages ","Italy","Million dollars","2012",163.2,"Beverages"
"Nonalcoholic beverages ","Italy","Million dollars","2011",143.3,"Beverages"
"Nonalcoholic beverages ","Italy","Million dollars","2010",137.8,"Beverages"
"Nonalcoholic beverages ","Italy","Million dollars","2009",120.8,"Beverages"
"Nonalcoholic beverages ","Italy","Million dollars","2008",111.8,"Beverages"
"Nonalcoholic beverages ","Italy","Million dollars","2007",107.3,"Beverages"
"Nonalcoholic beverages ","Italy","Million dollars","2006",84.1,"Beverages"
"Nonalcoholic beverages ","Italy","Million dollars","2005",80.5,"Beverages"
"Nonalcoholic beverages ","Italy","Million dollars","2004",63.9,"Beverages"
"Nonalcoholic beverages ","Italy","Million dollars","2003",51.8,"Beverages"
"Nonalcoholic beverages ","Italy","Million dollars","2002",41.3,"Beverages"
"Nonalcoholic beverages ","Italy","Million dollars","2001",31.6,"Beverages"
"Nonalcoholic beverages ","Italy","Million dollars","2000",35.6,"Beverages"
"Nonalcoholic beverages ","Italy","Million dollars","1999",27.8,"Beverages"
"Nonalcoholic beverages ","Austria","Million dollars","2023",349.4,"Beverages"
"Nonalcoholic beverages ","Austria","Million dollars","2022",600.8,"Beverages"
"Nonalcoholic beverages ","Austria","Million dollars","2021",889.9,"Beverages"
"Nonalcoholic beverages ","Austria","Million dollars","2020",1045.2,"Beverages"
"Nonalcoholic beverages ","Austria","Million dollars","2019",1027.2,"Beverages"
"Nonalcoholic beverages ","Austria","Million dollars","2018",950.6,"Beverages"
"Nonalcoholic beverages ","Austria","Million dollars","2017",864,"Beverages"
"Nonalcoholic beverages ","Austria","Million dollars","2016",696.3,"Beverages"
"Nonalcoholic beverages ","Austria","Million dollars","2015",600.7,"Beverages"
"Nonalcoholic beverages ","Austria","Million dollars","2014",490.4,"Beverages"
"Nonalcoholic beverages ","Austria","Million dollars","2013",509.2,"Beverages"
"Nonalcoholic beverages ","Austria","Million dollars","2012",529.1,"Beverages"
"Nonalcoholic beverages ","Austria","Million dollars","2011",461,"Beverages"
"Nonalcoholic beverages ","Austria","Million dollars","2010",390.5,"Beverages"
"Nonalcoholic beverages ","Austria","Million dollars","2009",332.2,"Beverages"
"Nonalcoholic beverages ","Austria","Million dollars","2008",326.5,"Beverages"
"Nonalcoholic beverages ","Austria","Million dollars","2007",597.6,"Beverages"
"Nonalcoholic beverages ","Austria","Million dollars","2006",760.2,"Beverages"
"Nonalcoholic beverages ","Austria","Million dollars","2005",442.6,"Beverages"
"Nonalcoholic beverages ","Austria","Million dollars","2004",335.6,"Beverages"
"Nonalcoholic beverages ","Austria","Million dollars","2003",185.2,"Beverages"
"Nonalcoholic beverages ","Austria","Million dollars","2002",84.7,"Beverages"
"Nonalcoholic beverages ","Austria","Million dollars","2001",91.6,"Beverages"
"Nonalcoholic beverages ","Austria","Million dollars","2000",48.1,"Beverages"
"Nonalcoholic beverages ","Austria","Million dollars","1999",15,"Beverages"
"Nonalcoholic beverages ","Switzerland","Million dollars","2023",279.9,"Beverages"
"Nonalcoholic beverages ","Switzerland","Million dollars","2022",451.3,"Beverages"
"Nonalcoholic beverages ","Switzerland","Million dollars","2021",689.1,"Beverages"
"Nonalcoholic beverages ","Switzerland","Million dollars","2020",641.4,"Beverages"
"Nonalcoholic beverages ","Switzerland","Million dollars","2019",715.8,"Beverages"
"Nonalcoholic beverages ","Switzerland","Million dollars","2018",718,"Beverages"
"Nonalcoholic beverages ","Switzerland","Million dollars","2017",806.6,"Beverages"
"Nonalcoholic beverages ","Switzerland","Million dollars","2016",842.2,"Beverages"
"Nonalcoholic beverages ","Switzerland","Million dollars","2015",933.6,"Beverages"
"Nonalcoholic beverages ","Switzerland","Million dollars","2014",766.1,"Beverages"
"Nonalcoholic beverages ","Switzerland","Million dollars","2013",672.5,"Beverages"
"Nonalcoholic beverages ","Switzerland","Million dollars","2012",543.9,"Beverages"
"Nonalcoholic beverages ","Switzerland","Million dollars","2011",445.3,"Beverages"
"Nonalcoholic beverages ","Switzerland","Million dollars","2010",381.8,"Beverages"
"Nonalcoholic beverages ","Switzerland","Million dollars","2009",403.8,"Beverages"
"Nonalcoholic beverages ","Switzerland","Million dollars","2008",430.4,"Beverages"
"Nonalcoholic beverages ","Switzerland","Million dollars","2007",126.4,"Beverages"
"Nonalcoholic beverages ","Switzerland","Million dollars","2006",32,"Beverages"
"Nonalcoholic beverages ","Switzerland","Million dollars","2005",0.3,"Beverages"
"Nonalcoholic beverages ","Switzerland","Million dollars","2004",0.4,"Beverages"
"Nonalcoholic beverages ","Switzerland","Million dollars","2003",0.5,"Beverages"
"Nonalcoholic beverages ","Switzerland","Million dollars","2002",0.2,"Beverages"
"Nonalcoholic beverages ","Switzerland","Million dollars","2001",0.5,"Beverages"
"Nonalcoholic beverages ","Switzerland","Million dollars","2000",0.4,"Beverages"
"Nonalcoholic beverages ","Switzerland","Million dollars","1999",0.4,"Beverages"
"Nonalcoholic beverages ","France","Million dollars","2023",260.2,"Beverages"
"Nonalcoholic beverages ","France","Million dollars","2022",258.3,"Beverages"
"Nonalcoholic beverages ","France","Million dollars","2021",239.2,"Beverages"
"Nonalcoholic beverages ","France","Million dollars","2020",223.6,"Beverages"
"Nonalcoholic beverages ","France","Million dollars","2019",244.9,"Beverages"
"Nonalcoholic beverages ","France","Million dollars","2018",223,"Beverages"
"Nonalcoholic beverages ","France","Million dollars","2017",230.5,"Beverages"
"Nonalcoholic beverages ","France","Million dollars","2016",188.2,"Beverages"
"Nonalcoholic beverages ","France","Million dollars","2015",156.5,"Beverages"
"Nonalcoholic beverages ","France","Million dollars","2014",174.7,"Beverages"
"Nonalcoholic beverages ","France","Million dollars","2013",147,"Beverages"
"Nonalcoholic beverages ","France","Million dollars","2012",136.3,"Beverages"
"Nonalcoholic beverages ","France","Million dollars","2011",117.9,"Beverages"
"Nonalcoholic beverages ","France","Million dollars","2010",111.6,"Beverages"
"Nonalcoholic beverages ","France","Million dollars","2009",98.5,"Beverages"
"Nonalcoholic beverages ","France","Million dollars","2008",112,"Beverages"
"Nonalcoholic beverages ","France","Million dollars","2007",120.9,"Beverages"
"Nonalcoholic beverages ","France","Million dollars","2006",96.6,"Beverages"
"Nonalcoholic beverages ","France","Million dollars","2005",89.2,"Beverages"
"Nonalcoholic beverages ","France","Million dollars","2004",100.4,"Beverages"
"Nonalcoholic beverages ","France","Million dollars","2003",80,"Beverages"
"Nonalcoholic beverages ","France","Million dollars","2002",97.3,"Beverages"
"Nonalcoholic beverages ","France","Million dollars","2001",107.5,"Beverages"
"Nonalcoholic beverages ","France","Million dollars","2000",112.7,"Beverages"
"Nonalcoholic beverages ","France","Million dollars","1999",110.2,"Beverages"
"Nonalcoholic beverages ","Rest of world","Million dollars","2023",1107.1,"Beverages"
"Nonalcoholic beverages ","Rest of world","Million dollars","2022",1174.4,"Beverages"
"Nonalcoholic beverages ","Rest of world","Million dollars","2021",1194.8,"Beverages"
"Nonalcoholic beverages ","Rest of world","Million dollars","2020",994.5,"Beverages"
"Nonalcoholic beverages ","Rest of world","Million dollars","2019",858.3,"Beverages"
"Nonalcoholic beverages ","Rest of world","Million dollars","2018",979.1,"Beverages"
"Nonalcoholic beverages ","Rest of world","Million dollars","2017",1028,"Beverages"
"Nonalcoholic beverages ","Rest of world","Million dollars","2016",945.8,"Beverages"
"Nonalcoholic beverages ","Rest of world","Million dollars","2015",800.2,"Beverages"
"Nonalcoholic beverages ","Rest of world","Million dollars","2014",707,"Beverages"
"Nonalcoholic beverages ","Rest of world","Million dollars","2013",606.8,"Beverages"
"Nonalcoholic beverages ","Rest of world","Million dollars","2012",575.6,"Beverages"
"Nonalcoholic beverages ","Rest of world","Million dollars","2011",449.4,"Beverages"
"Nonalcoholic beverages ","Rest of world","Million dollars","2010",382.2,"Beverages"
"Nonalcoholic beverages ","Rest of world","Million dollars","2009",324.3,"Beverages"
"Nonalcoholic beverages ","Rest of world","Million dollars","2008",500.7,"Beverages"
"Nonalcoholic beverages ","Rest of world","Million dollars","2007",635.9,"Beverages"
"Nonalcoholic beverages ","Rest of world","Million dollars","2006",343.9,"Beverages"
"Nonalcoholic beverages ","Rest of world","Million dollars","2005",260.4,"Beverages"
"Nonalcoholic beverages ","Rest of world","Million dollars","2004",214.1,"Beverages"
"Nonalcoholic beverages ","Rest of world","Million dollars","2003",191.9,"Beverages"
"Nonalcoholic beverages ","Rest of world","Million dollars","2002",159.2,"Beverages"
"Nonalcoholic beverages ","Rest of world","Million dollars","2001",136.3,"Beverages"
"Nonalcoholic beverages ","Rest of world","Million dollars","2000",116.8,"Beverages"
"Nonalcoholic beverages ","Rest of world","Million dollars","1999",87.6999999999999,"Beverages"
"Nonalcoholic beverages ","World","Million dollars","2023",3973.4,"Beverages"
"Nonalcoholic beverages ","World","Million dollars","2022",4177,"Beverages"
"Nonalcoholic beverages ","World","Million dollars","2021",4405.7,"Beverages"
"Nonalcoholic beverages ","World","Million dollars","2020",4139.9,"Beverages"
"Nonalcoholic beverages ","World","Million dollars","2019",3936,"Beverages"
"Nonalcoholic beverages ","World","Million dollars","2018",3792.8,"Beverages"
"Nonalcoholic beverages ","World","Million dollars","2017",3719.2,"Beverages"
"Nonalcoholic beverages ","World","Million dollars","2016",3390.4,"Beverages"
"Nonalcoholic beverages ","World","Million dollars","2015",3146.3,"Beverages"
"Nonalcoholic beverages ","World","Million dollars","2014",2790.6,"Beverages"
"Nonalcoholic beverages ","World","Million dollars","2013",2589.5,"Beverages"
"Nonalcoholic beverages ","World","Million dollars","2012",2406.2,"Beverages"
"Nonalcoholic beverages ","World","Million dollars","2011",2030.1,"Beverages"
"Nonalcoholic beverages ","World","Million dollars","2010",1790.1,"Beverages"
"Nonalcoholic beverages ","World","Million dollars","2009",1625.9,"Beverages"
"Nonalcoholic beverages ","World","Million dollars","2008",1876.1,"Beverages"
"Nonalcoholic beverages ","World","Million dollars","2007",2012.2,"Beverages"
"Nonalcoholic beverages ","World","Million dollars","2006",1768.2,"Beverages"
"Nonalcoholic beverages ","World","Million dollars","2005",1329.6,"Beverages"
"Nonalcoholic beverages ","World","Million dollars","2004",1158.2,"Beverages"
"Nonalcoholic beverages ","World","Million dollars","2003",966,"Beverages"
"Nonalcoholic beverages ","World","Million dollars","2002",822.7,"Beverages"
"Nonalcoholic beverages ","World","Million dollars","2001",745.4,"Beverages"
"Nonalcoholic beverages ","World","Million dollars","2000",682.3,"Beverages"
"Nonalcoholic beverages ","World","Million dollars","1999",626,"Beverages"
"Nonalcoholic beverages ","World (quantity)","1,000 litpf","2023",3396.4,"Beverages"
"Nonalcoholic beverages ","World (quantity)","1,000 litpf","2022",3363.7,"Beverages"
"Nonalcoholic beverages ","World (quantity)","1,000 litpf","2021",3564.6,"Beverages"
"Nonalcoholic beverages ","World (quantity)","1,000 litpf","2020",3212.3,"Beverages"
"Nonalcoholic beverages ","World (quantity)","1,000 litpf","2019",2906.1,"Beverages"
"Nonalcoholic beverages ","World (quantity)","1,000 litpf","2018",2820.9,"Beverages"
"Nonalcoholic beverages ","World (quantity)","1,000 litpf","2017",2849.6,"Beverages"
"Nonalcoholic beverages ","World (quantity)","1,000 litpf","2016",2655.1,"Beverages"
"Nonalcoholic beverages ","World (quantity)","1,000 litpf","2015",2382.9,"Beverages"
"Nonalcoholic beverages ","World (quantity)","1,000 litpf","2014",2098.5,"Beverages"
"Nonalcoholic beverages ","World (quantity)","1,000 litpf","2013",1983.9,"Beverages"
"Nonalcoholic beverages ","World (quantity)","1,000 litpf","2012",1933.1,"Beverages"
"Nonalcoholic beverages ","World (quantity)","1,000 litpf","2011",1774.4,"Beverages"
"Nonalcoholic beverages ","World (quantity)","1,000 litpf","2010",1674.3,"Beverages"
"Nonalcoholic beverages ","World (quantity)","1,000 litpf","2009",1609.6,"Beverages"
"Nonalcoholic beverages ","World (quantity)","1,000 litpf","2008",1843.9,"Beverages"
"Nonalcoholic beverages ","World (quantity)","1,000 litpf","2007",1965.2,"Beverages"
"Nonalcoholic beverages ","World (quantity)","1,000 litpf","2006",1856.2,"Beverages"
"Nonalcoholic beverages ","World (quantity)","1,000 litpf","2005",1751.5,"Beverages"
"Nonalcoholic beverages ","World (quantity)","1,000 litpf","2004",1800.3,"Beverages"
"Nonalcoholic beverages ","World (quantity)","1,000 litpf","2003",1707.8,"Beverages"
"Nonalcoholic beverages ","World (quantity)","1,000 litpf","2002",1145.2,"Beverages"
"Nonalcoholic beverages ","World (quantity)","1,000 litpf","2001",1097.8,"Beverages"
"Nonalcoholic beverages ","World (quantity)","1,000 litpf","2000",1079.3,"Beverages"
"Nonalcoholic beverages ","World (quantity)","1,000 litpf","1999",1034.2,"Beverages"
"Liquors and liqueurs ","Mexico","Million dollars","2023",4741.8,"Beverages"
"Liquors and liqueurs ","Mexico","Million dollars","2022",5048.1,"Beverages"
"Liquors and liqueurs ","Mexico","Million dollars","2021",3740.3,"Beverages"
"Liquors and liqueurs ","Mexico","Million dollars","2020",2668.2,"Beverages"
"Liquors and liqueurs ","Mexico","Million dollars","2019",1846.9,"Beverages"
"Liquors and liqueurs ","Mexico","Million dollars","2018",1522.9,"Beverages"
"Liquors and liqueurs ","Mexico","Million dollars","2017",1298.6,"Beverages"
"Liquors and liqueurs ","Mexico","Million dollars","2016",1133.9,"Beverages"
"Liquors and liqueurs ","Mexico","Million dollars","2015",1118.7,"Beverages"
"Liquors and liqueurs ","Mexico","Million dollars","2014",1053.5,"Beverages"
"Liquors and liqueurs ","Mexico","Million dollars","2013",818.6,"Beverages"
"Liquors and liqueurs ","Mexico","Million dollars","2012",781.4,"Beverages"
"Liquors and liqueurs ","Mexico","Million dollars","2011",755.5,"Beverages"
"Liquors and liqueurs ","Mexico","Million dollars","2010",684.5,"Beverages"
"Liquors and liqueurs ","Mexico","Million dollars","2009",569.2,"Beverages"
"Liquors and liqueurs ","Mexico","Million dollars","2008",612.8,"Beverages"
"Liquors and liqueurs ","Mexico","Million dollars","2007",634.7,"Beverages"
"Liquors and liqueurs ","Mexico","Million dollars","2006",581.8,"Beverages"
"Liquors and liqueurs ","Mexico","Million dollars","2005",488.5,"Beverages"
"Liquors and liqueurs ","Mexico","Million dollars","2004",436.8,"Beverages"
"Liquors and liqueurs ","Mexico","Million dollars","2003",461.7,"Beverages"
"Liquors and liqueurs ","Mexico","Million dollars","2002",433.1,"Beverages"
"Liquors and liqueurs ","Mexico","Million dollars","2001",345.5,"Beverages"
"Liquors and liqueurs ","Mexico","Million dollars","2000",374.8,"Beverages"
"Liquors and liqueurs ","Mexico","Million dollars","1999",209.6,"Beverages"
"Liquors and liqueurs ","France","Million dollars","2023",1945.5,"Beverages"
"Liquors and liqueurs ","France","Million dollars","2022",3070.1,"Beverages"
"Liquors and liqueurs ","France","Million dollars","2021",2936.9,"Beverages"
"Liquors and liqueurs ","France","Million dollars","2020",2367.7,"Beverages"
"Liquors and liqueurs ","France","Million dollars","2019",2548.3,"Beverages"
"Liquors and liqueurs ","France","Million dollars","2018",2275.1,"Beverages"
"Liquors and liqueurs ","France","Million dollars","2017",2062.9,"Beverages"
"Liquors and liqueurs ","France","Million dollars","2016",2068.1,"Beverages"
"Liquors and liqueurs ","France","Million dollars","2015",1873,"Beverages"
"Liquors and liqueurs ","France","Million dollars","2014",1785.2,"Beverages"
"Liquors and liqueurs ","France","Million dollars","2013",1777.3,"Beverages"
"Liquors and liqueurs ","France","Million dollars","2012",1722.9,"Beverages"
"Liquors and liqueurs ","France","Million dollars","2011",1606.4,"Beverages"
"Liquors and liqueurs ","France","Million dollars","2010",1445.3,"Beverages"
"Liquors and liqueurs ","France","Million dollars","2009",1301.2,"Beverages"
"Liquors and liqueurs ","France","Million dollars","2008",1457.7,"Beverages"
"Liquors and liqueurs ","France","Million dollars","2007",1506.2,"Beverages"
"Liquors and liqueurs ","France","Million dollars","2006",1285.5,"Beverages"
"Liquors and liqueurs ","France","Million dollars","2005",1148.8,"Beverages"
"Liquors and liqueurs ","France","Million dollars","2004",953.7,"Beverages"
"Liquors and liqueurs ","France","Million dollars","2003",845.4,"Beverages"
"Liquors and liqueurs ","France","Million dollars","2002",736.7,"Beverages"
"Liquors and liqueurs ","France","Million dollars","2001",629.7,"Beverages"
"Liquors and liqueurs ","France","Million dollars","2000",584,"Beverages"
"Liquors and liqueurs ","France","Million dollars","1999",523.1,"Beverages"
"Liquors and liqueurs ","United Kingdom","Million dollars","2023",1661.5,"Beverages"
"Liquors and liqueurs ","United Kingdom","Million dollars","2022",1533.1,"Beverages"
"Liquors and liqueurs ","United Kingdom","Million dollars","2021",1191.5,"Beverages"
"Liquors and liqueurs ","United Kingdom","Million dollars","2020",1254.7,"Beverages"
"Liquors and liqueurs ","United Kingdom","Million dollars","2019",1878.3,"Beverages"
"Liquors and liqueurs ","United Kingdom","Million dollars","2018",1777.8,"Beverages"
"Liquors and liqueurs ","United Kingdom","Million dollars","2017",1713.7,"Beverages"
"Liquors and liqueurs ","United Kingdom","Million dollars","2016",1656.5,"Beverages"
"Liquors and liqueurs ","United Kingdom","Million dollars","2015",1546.3,"Beverages"
"Liquors and liqueurs ","United Kingdom","Million dollars","2014",1538.1,"Beverages"
"Liquors and liqueurs ","United Kingdom","Million dollars","2013",1504.6,"Beverages"
"Liquors and liqueurs ","United Kingdom","Million dollars","2012",1352.9,"Beverages"
"Liquors and liqueurs ","United Kingdom","Million dollars","2011",1246,"Beverages"
"Liquors and liqueurs ","United Kingdom","Million dollars","2010",1119.6,"Beverages"
"Liquors and liqueurs ","United Kingdom","Million dollars","2009",1015.1,"Beverages"
"Liquors and liqueurs ","United Kingdom","Million dollars","2008",1068.6,"Beverages"
"Liquors and liqueurs ","United Kingdom","Million dollars","2007",1070.3,"Beverages"
"Liquors and liqueurs ","United Kingdom","Million dollars","2006",971.1,"Beverages"
"Liquors and liqueurs ","United Kingdom","Million dollars","2005",896.3,"Beverages"
"Liquors and liqueurs ","United Kingdom","Million dollars","2004",822.4,"Beverages"
"Liquors and liqueurs ","United Kingdom","Million dollars","2003",720.8,"Beverages"
"Liquors and liqueurs ","United Kingdom","Million dollars","2002",672.3,"Beverages"
"Liquors and liqueurs ","United Kingdom","Million dollars","2001",642.2,"Beverages"
"Liquors and liqueurs ","United Kingdom","Million dollars","2000",644.8,"Beverages"
"Liquors and liqueurs ","United Kingdom","Million dollars","1999",604.8,"Beverages"
"Liquors and liqueurs ","Canada","Million dollars","2023",537.4,"Beverages"
"Liquors and liqueurs ","Canada","Million dollars","2022",483.5,"Beverages"
"Liquors and liqueurs ","Canada","Million dollars","2021",502.5,"Beverages"
"Liquors and liqueurs ","Canada","Million dollars","2020",444.6,"Beverages"
"Liquors and liqueurs ","Canada","Million dollars","2019",423.9,"Beverages"
"Liquors and liqueurs ","Canada","Million dollars","2018",389.8,"Beverages"
"Liquors and liqueurs ","Canada","Million dollars","2017",366.9,"Beverages"
"Liquors and liqueurs ","Canada","Million dollars","2016",392.1,"Beverages"
"Liquors and liqueurs ","Canada","Million dollars","2015",392.7,"Beverages"
"Liquors and liqueurs ","Canada","Million dollars","2014",412.4,"Beverages"
"Liquors and liqueurs ","Canada","Million dollars","2013",430.6,"Beverages"
"Liquors and liqueurs ","Canada","Million dollars","2012",357.3,"Beverages"
"Liquors and liqueurs ","Canada","Million dollars","2011",334.6,"Beverages"
"Liquors and liqueurs ","Canada","Million dollars","2010",291.6,"Beverages"
"Liquors and liqueurs ","Canada","Million dollars","2009",273.5,"Beverages"
"Liquors and liqueurs ","Canada","Million dollars","2008",290.6,"Beverages"
"Liquors and liqueurs ","Canada","Million dollars","2007",298.8,"Beverages"
"Liquors and liqueurs ","Canada","Million dollars","2006",274.5,"Beverages"
"Liquors and liqueurs ","Canada","Million dollars","2005",279.3,"Beverages"
"Liquors and liqueurs ","Canada","Million dollars","2004",317.9,"Beverages"
"Liquors and liqueurs ","Canada","Million dollars","2003",295.3,"Beverages"
"Liquors and liqueurs ","Canada","Million dollars","2002",299.7,"Beverages"
"Liquors and liqueurs ","Canada","Million dollars","2001",358.1,"Beverages"
"Liquors and liqueurs ","Canada","Million dollars","2000",383.1,"Beverages"
"Liquors and liqueurs ","Canada","Million dollars","1999",377.8,"Beverages"
"Liquors and liqueurs ","Netherlands","Million dollars","2023",364.5,"Beverages"
"Liquors and liqueurs ","Netherlands","Million dollars","2022",351.2,"Beverages"
"Liquors and liqueurs ","Netherlands","Million dollars","2021",314.3,"Beverages"
"Liquors and liqueurs ","Netherlands","Million dollars","2020",299.1,"Beverages"
"Liquors and liqueurs ","Netherlands","Million dollars","2019",328,"Beverages"
"Liquors and liqueurs ","Netherlands","Million dollars","2018",345.8,"Beverages"
"Liquors and liqueurs ","Netherlands","Million dollars","2017",257.9,"Beverages"
"Liquors and liqueurs ","Netherlands","Million dollars","2016",302.7,"Beverages"
"Liquors and liqueurs ","Netherlands","Million dollars","2015",298.1,"Beverages"
"Liquors and liqueurs ","Netherlands","Million dollars","2014",276.4,"Beverages"
"Liquors and liqueurs ","Netherlands","Million dollars","2013",291.3,"Beverages"
"Liquors and liqueurs ","Netherlands","Million dollars","2012",258.2,"Beverages"
"Liquors and liqueurs ","Netherlands","Million dollars","2011",250.9,"Beverages"
"Liquors and liqueurs ","Netherlands","Million dollars","2010",244.7,"Beverages"
"Liquors and liqueurs ","Netherlands","Million dollars","2009",199.7,"Beverages"
"Liquors and liqueurs ","Netherlands","Million dollars","2008",206.7,"Beverages"
"Liquors and liqueurs ","Netherlands","Million dollars","2007",178.4,"Beverages"
"Liquors and liqueurs ","Netherlands","Million dollars","2006",174.1,"Beverages"
"Liquors and liqueurs ","Netherlands","Million dollars","2005",144.4,"Beverages"
"Liquors and liqueurs ","Netherlands","Million dollars","2004",152,"Beverages"
"Liquors and liqueurs ","Netherlands","Million dollars","2003",149.6,"Beverages"
"Liquors and liqueurs ","Netherlands","Million dollars","2002",129.7,"Beverages"
"Liquors and liqueurs ","Netherlands","Million dollars","2001",115.5,"Beverages"
"Liquors and liqueurs ","Netherlands","Million dollars","2000",88.3,"Beverages"
"Liquors and liqueurs ","Netherlands","Million dollars","1999",45.1,"Beverages"
"Liquors and liqueurs ","Ireland","Million dollars","2023",265.1,"Beverages"
"Liquors and liqueurs ","Ireland","Million dollars","2022",358,"Beverages"
"Liquors and liqueurs ","Ireland","Million dollars","2021",391.4,"Beverages"
"Liquors and liqueurs ","Ireland","Million dollars","2020",505.1,"Beverages"
"Liquors and liqueurs ","Ireland","Million dollars","2019",797,"Beverages"
"Liquors and liqueurs ","Ireland","Million dollars","2018",689.5,"Beverages"
"Liquors and liqueurs ","Ireland","Million dollars","2017",617.5,"Beverages"
"Liquors and liqueurs ","Ireland","Million dollars","2016",548.9,"Beverages"
"Liquors and liqueurs ","Ireland","Million dollars","2015",525.7,"Beverages"
"Liquors and liqueurs ","Ireland","Million dollars","2014",451.3,"Beverages"
"Liquors and liqueurs ","Ireland","Million dollars","2013",427.4,"Beverages"
"Liquors and liqueurs ","Ireland","Million dollars","2012",378.9,"Beverages"
"Liquors and liqueurs ","Ireland","Million dollars","2011",335.2,"Beverages"
"Liquors and liqueurs ","Ireland","Million dollars","2010",290.8,"Beverages"
"Liquors and liqueurs ","Ireland","Million dollars","2009",259.5,"Beverages"
"Liquors and liqueurs ","Ireland","Million dollars","2008",286.6,"Beverages"
"Liquors and liqueurs ","Ireland","Million dollars","2007",281.2,"Beverages"
"Liquors and liqueurs ","Ireland","Million dollars","2006",266.1,"Beverages"
"Liquors and liqueurs ","Ireland","Million dollars","2005",215.8,"Beverages"
"Liquors and liqueurs ","Ireland","Million dollars","2004",200.7,"Beverages"
"Liquors and liqueurs ","Ireland","Million dollars","2003",219.9,"Beverages"
"Liquors and liqueurs ","Ireland","Million dollars","2002",179.4,"Beverages"
"Liquors and liqueurs ","Ireland","Million dollars","2001",163.7,"Beverages"
"Liquors and liqueurs ","Ireland","Million dollars","2000",146.3,"Beverages"
"Liquors and liqueurs ","Ireland","Million dollars","1999",145.9,"Beverages"
"Liquors and liqueurs ","Italy","Million dollars","2023",241.5,"Beverages"
"Liquors and liqueurs ","Italy","Million dollars","2022",233.6,"Beverages"
"Liquors and liqueurs ","Italy","Million dollars","2021",153,"Beverages"
"Liquors and liqueurs ","Italy","Million dollars","2020",104.2,"Beverages"
"Liquors and liqueurs ","Italy","Million dollars","2019",177.9,"Beverages"
"Liquors and liqueurs ","Italy","Million dollars","2018",170.1,"Beverages"
"Liquors and liqueurs ","Italy","Million dollars","2017",144.4,"Beverages"
"Liquors and liqueurs ","Italy","Million dollars","2016",139,"Beverages"
"Liquors and liqueurs ","Italy","Million dollars","2015",144.6,"Beverages"
"Liquors and liqueurs ","Italy","Million dollars","2014",142.9,"Beverages"
"Liquors and liqueurs ","Italy","Million dollars","2013",152.8,"Beverages"
"Liquors and liqueurs ","Italy","Million dollars","2012",153.5,"Beverages"
"Liquors and liqueurs ","Italy","Million dollars","2011",145.2,"Beverages"
"Liquors and liqueurs ","Italy","Million dollars","2010",141.6,"Beverages"
"Liquors and liqueurs ","Italy","Million dollars","2009",151.1,"Beverages"
"Liquors and liqueurs ","Italy","Million dollars","2008",139.8,"Beverages"
"Liquors and liqueurs ","Italy","Million dollars","2007",128.2,"Beverages"
"Liquors and liqueurs ","Italy","Million dollars","2006",110.4,"Beverages"
"Liquors and liqueurs ","Italy","Million dollars","2005",102.1,"Beverages"
"Liquors and liqueurs ","Italy","Million dollars","2004",91.2,"Beverages"
"Liquors and liqueurs ","Italy","Million dollars","2003",84.2,"Beverages"
"Liquors and liqueurs ","Italy","Million dollars","2002",74.1,"Beverages"
"Liquors and liqueurs ","Italy","Million dollars","2001",69.7,"Beverages"
"Liquors and liqueurs ","Italy","Million dollars","2000",68.1,"Beverages"
"Liquors and liqueurs ","Italy","Million dollars","1999",62.6,"Beverages"
"Liquors and liqueurs ","Sweden","Million dollars","2023",137.6,"Beverages"
"Liquors and liqueurs ","Sweden","Million dollars","2022",159.2,"Beverages"
"Liquors and liqueurs ","Sweden","Million dollars","2021",177.2,"Beverages"
"Liquors and liqueurs ","Sweden","Million dollars","2020",224.9,"Beverages"
"Liquors and liqueurs ","Sweden","Million dollars","2019",245.9,"Beverages"
"Liquors and liqueurs ","Sweden","Million dollars","2018",234.9,"Beverages"
"Liquors and liqueurs ","Sweden","Million dollars","2017",259.5,"Beverages"
"Liquors and liqueurs ","Sweden","Million dollars","2016",273.4,"Beverages"
"Liquors and liqueurs ","Sweden","Million dollars","2015",289.2,"Beverages"
"Liquors and liqueurs ","Sweden","Million dollars","2014",315,"Beverages"
"Liquors and liqueurs ","Sweden","Million dollars","2013",344.3,"Beverages"
"Liquors and liqueurs ","Sweden","Million dollars","2012",360.7,"Beverages"
"Liquors and liqueurs ","Sweden","Million dollars","2011",406.7,"Beverages"
"Liquors and liqueurs ","Sweden","Million dollars","2010",420.3,"Beverages"
"Liquors and liqueurs ","Sweden","Million dollars","2009",418.5,"Beverages"
"Liquors and liqueurs ","Sweden","Million dollars","2008",402.4,"Beverages"
"Liquors and liqueurs ","Sweden","Million dollars","2007",401.6,"Beverages"
"Liquors and liqueurs ","Sweden","Million dollars","2006",364,"Beverages"
"Liquors and liqueurs ","Sweden","Million dollars","2005",373,"Beverages"
"Liquors and liqueurs ","Sweden","Million dollars","2004",345.1,"Beverages"
"Liquors and liqueurs ","Sweden","Million dollars","2003",324.8,"Beverages"
"Liquors and liqueurs ","Sweden","Million dollars","2002",289.9,"Beverages"
"Liquors and liqueurs ","Sweden","Million dollars","2001",267.4,"Beverages"
"Liquors and liqueurs ","Sweden","Million dollars","2000",211.8,"Beverages"
"Liquors and liqueurs ","Sweden","Million dollars","1999",189.6,"Beverages"
"Liquors and liqueurs ","Rest of world","Million dollars","2023",780.1,"Beverages"
"Liquors and liqueurs ","Rest of world","Million dollars","2022",862.900000000001,"Beverages"
"Liquors and liqueurs ","Rest of world","Million dollars","2021",771,"Beverages"
"Liquors and liqueurs ","Rest of world","Million dollars","2020",610.700000000001,"Beverages"
"Liquors and liqueurs ","Rest of world","Million dollars","2019",742.699999999999,"Beverages"
"Liquors and liqueurs ","Rest of world","Million dollars","2018",679,"Beverages"
"Liquors and liqueurs ","Rest of world","Million dollars","2017",671.200000000001,"Beverages"
"Liquors and liqueurs ","Rest of world","Million dollars","2016",679.799999999999,"Beverages"
"Liquors and liqueurs ","Rest of world","Million dollars","2015",626.099999999999,"Beverages"
"Liquors and liqueurs ","Rest of world","Million dollars","2014",651.9,"Beverages"
"Liquors and liqueurs ","Rest of world","Million dollars","2013",686.400000000001,"Beverages"
"Liquors and liqueurs ","Rest of world","Million dollars","2012",702,"Beverages"
"Liquors and liqueurs ","Rest of world","Million dollars","2011",687.1,"Beverages"
"Liquors and liqueurs ","Rest of world","Million dollars","2010",585.3,"Beverages"
"Liquors and liqueurs ","Rest of world","Million dollars","2009",621.2,"Beverages"
"Liquors and liqueurs ","Rest of world","Million dollars","2008",590.1,"Beverages"
"Liquors and liqueurs ","Rest of world","Million dollars","2007",563.6,"Beverages"
"Liquors and liqueurs ","Rest of world","Million dollars","2006",492.5,"Beverages"
"Liquors and liqueurs ","Rest of world","Million dollars","2005",451.900000000001,"Beverages"
"Liquors and liqueurs ","Rest of world","Million dollars","2004",400.2,"Beverages"
"Liquors and liqueurs ","Rest of world","Million dollars","2003",340.3,"Beverages"
"Liquors and liqueurs ","Rest of world","Million dollars","2002",289.9,"Beverages"
"Liquors and liqueurs ","Rest of world","Million dollars","2001",257.2,"Beverages"
"Liquors and liqueurs ","Rest of world","Million dollars","2000",225,"Beverages"
"Liquors and liqueurs ","Rest of world","Million dollars","1999",224.2,"Beverages"
"Liquors and liqueurs ","World","Million dollars","2023",10675,"Beverages"
"Liquors and liqueurs ","World","Million dollars","2022",12099.7,"Beverages"
"Liquors and liqueurs ","World","Million dollars","2021",10178.1,"Beverages"
"Liquors and liqueurs ","World","Million dollars","2020",8479.2,"Beverages"
"Liquors and liqueurs ","World","Million dollars","2019",8988.9,"Beverages"
"Liquors and liqueurs ","World","Million dollars","2018",8084.9,"Beverages"
"Liquors and liqueurs ","World","Million dollars","2017",7392.6,"Beverages"
"Liquors and liqueurs ","World","Million dollars","2016",7194.4,"Beverages"
"Liquors and liqueurs ","World","Million dollars","2015",6814.4,"Beverages"
"Liquors and liqueurs ","World","Million dollars","2014",6626.7,"Beverages"
"Liquors and liqueurs ","World","Million dollars","2013",6433.3,"Beverages"
"Liquors and liqueurs ","World","Million dollars","2012",6067.8,"Beverages"
"Liquors and liqueurs ","World","Million dollars","2011",5767.6,"Beverages"
"Liquors and liqueurs ","World","Million dollars","2010",5223.7,"Beverages"
"Liquors and liqueurs ","World","Million dollars","2009",4809,"Beverages"
"Liquors and liqueurs ","World","Million dollars","2008",5055.3,"Beverages"
"Liquors and liqueurs ","World","Million dollars","2007",5063,"Beverages"
"Liquors and liqueurs ","World","Million dollars","2006",4520,"Beverages"
"Liquors and liqueurs ","World","Million dollars","2005",4100.1,"Beverages"
"Liquors and liqueurs ","World","Million dollars","2004",3720,"Beverages"
"Liquors and liqueurs ","World","Million dollars","2003",3442,"Beverages"
"Liquors and liqueurs ","World","Million dollars","2002",3104.8,"Beverages"
"Liquors and liqueurs ","World","Million dollars","2001",2849,"Beverages"
"Liquors and liqueurs ","World","Million dollars","2000",2726.2,"Beverages"
"Liquors and liqueurs ","World","Million dollars","1999",2382.7,"Beverages"
"Liquors and liqueurs ","World (quantity)","1,000 litpf","2023",856316.8,"Beverages"
"Liquors and liqueurs ","World (quantity)","1,000 litpf","2022",1015014.3,"Beverages"
"Liquors and liqueurs ","World (quantity)","1,000 litpf","2021",919820.3,"Beverages"
"Liquors and liqueurs ","World (quantity)","1,000 litpf","2020",880803.6,"Beverages"
"Liquors and liqueurs ","World (quantity)","1,000 litpf","2019",834576.9,"Beverages"
"Liquors and liqueurs ","World (quantity)","1,000 litpf","2018",784586.1,"Beverages"
"Liquors and liqueurs ","World (quantity)","1,000 litpf","2017",756010.9,"Beverages"
"Liquors and liqueurs ","World (quantity)","1,000 litpf","2016",740349.3,"Beverages"
"Liquors and liqueurs ","World (quantity)","1,000 litpf","2015",708323,"Beverages"
"Liquors and liqueurs ","World (quantity)","1,000 litpf","2014",696912.2,"Beverages"
"Liquors and liqueurs ","World (quantity)","1,000 litpf","2013",748799.1,"Beverages"
"Liquors and liqueurs ","World (quantity)","1,000 litpf","2012",734092.2,"Beverages"
"Liquors and liqueurs ","World (quantity)","1,000 litpf","2011",674088.4,"Beverages"
"Liquors and liqueurs ","World (quantity)","1,000 litpf","2010",596609.3,"Beverages"
"Liquors and liqueurs ","World (quantity)","1,000 litpf","2009",560460.2,"Beverages"
"Liquors and liqueurs ","World (quantity)","1,000 litpf","2008",577635.3,"Beverages"
"Liquors and liqueurs ","World (quantity)","1,000 litpf","2007",576398.7,"Beverages"
"Liquors and liqueurs ","World (quantity)","1,000 litpf","2006",537405.6,"Beverages"
"Liquors and liqueurs ","World (quantity)","1,000 litpf","2005",498400.6,"Beverages"
"Liquors and liqueurs ","World (quantity)","1,000 litpf","2004",482732.9,"Beverages"
"Liquors and liqueurs ","World (quantity)","1,000 litpf","2003",468855,"Beverages"
"Liquors and liqueurs ","World (quantity)","1,000 litpf","2002",447117.6,"Beverages"
"Liquors and liqueurs ","World (quantity)","1,000 litpf","2001",410915.9,"Beverages"
"Liquors and liqueurs ","World (quantity)","1,000 litpf","2000",423112.5,"Beverages"
"Liquors and liqueurs ","World (quantity)","1,000 litpf","1999",401003.5,"Beverages"
