"category","country","unit","year","value"
"Total nuts 1/","Vietnam","Million dollars","2023","953.3"
"Total nuts 1/","Vietnam","Million dollars","2022","1052.7"
"Total nuts 1/","Vietnam","Million dollars","2021","1222.7"
"Total nuts 1/","Vietnam","Million dollars","2020","1072.0999999999999"
"Total nuts 1/","Vietnam","Million dollars","2019","1093.5999999999999"
"Total nuts 1/","Vietnam","Million dollars","2018","1317.6"
"Total nuts 1/","Vietnam","Million dollars","2017","1258.2"
"Total nuts 1/","Vietnam","Million dollars","2016","968.8"
"Total nuts 1/","Vietnam","Million dollars","2015","830.7"
"Total nuts 1/","Vietnam","Million dollars","2014","634.1"
"Total nuts 1/","Vietnam","Million dollars","2013","527.20000000000005"
"Total nuts 1/","Vietnam","Million dollars","2012","400.1"
"Total nuts 1/","Vietnam","Million dollars","2011","410.8"
"Total nuts 1/","Vietnam","Million dollars","2010","352.2"
"Total nuts 1/","Vietnam","Million dollars","2009","258.60000000000002"
"Total nuts 1/","Vietnam","Million dollars","2008","277.3"
"Total nuts 1/","Vietnam","Million dollars","2007","221.2"
"Total nuts 1/","Vietnam","Million dollars","2006","168"
"Total nuts 1/","Vietnam","Million dollars","2005","167.8"
"Total nuts 1/","Vietnam","Million dollars","2004","174"
"Total nuts 1/","Vietnam","Million dollars","2003","99.7"
"Total nuts 1/","Vietnam","Million dollars","2002","70.5"
"Total nuts 1/","Vietnam","Million dollars","2001","47.8"
"Total nuts 1/","Vietnam","Million dollars","2000","50.6"
"Total nuts 1/","Vietnam","Million dollars","1999","23.4"
"Total nuts 1/","Mexico","Million dollars","2023","689.5"
"Total nuts 1/","Mexico","Million dollars","2022","621.20000000000005"
"Total nuts 1/","Mexico","Million dollars","2021","666.9"
"Total nuts 1/","Mexico","Million dollars","2020","649.9"
"Total nuts 1/","Mexico","Million dollars","2019","763.9"
"Total nuts 1/","Mexico","Million dollars","2018","804.4"
"Total nuts 1/","Mexico","Million dollars","2017","638.20000000000005"
"Total nuts 1/","Mexico","Million dollars","2016","641.29999999999995"
"Total nuts 1/","Mexico","Million dollars","2015","486"
"Total nuts 1/","Mexico","Million dollars","2014","439.3"
"Total nuts 1/","Mexico","Million dollars","2013","306.10000000000002"
"Total nuts 1/","Mexico","Million dollars","2012","347.4"
"Total nuts 1/","Mexico","Million dollars","2011","331.3"
"Total nuts 1/","Mexico","Million dollars","2010","236.7"
"Total nuts 1/","Mexico","Million dollars","2009","234.6"
"Total nuts 1/","Mexico","Million dollars","2008","194.6"
"Total nuts 1/","Mexico","Million dollars","2007","165.9"
"Total nuts 1/","Mexico","Million dollars","2006","174.9"
"Total nuts 1/","Mexico","Million dollars","2005","146.30000000000001"
"Total nuts 1/","Mexico","Million dollars","2004","147.69999999999999"
"Total nuts 1/","Mexico","Million dollars","2003","99.2"
"Total nuts 1/","Mexico","Million dollars","2002","71.2"
"Total nuts 1/","Mexico","Million dollars","2001","47.3"
"Total nuts 1/","Mexico","Million dollars","2000","87.7"
"Total nuts 1/","Mexico","Million dollars","1999","75.099999999999994"
"Total nuts 1/","Canada","Million dollars","2023","130.1"
"Total nuts 1/","Canada","Million dollars","2022","185.8"
"Total nuts 1/","Canada","Million dollars","2021","226.3"
"Total nuts 1/","Canada","Million dollars","2020","163.5"
"Total nuts 1/","Canada","Million dollars","2019","155.1"
"Total nuts 1/","Canada","Million dollars","2018","159.19999999999999"
"Total nuts 1/","Canada","Million dollars","2017","153.6"
"Total nuts 1/","Canada","Million dollars","2016","136.30000000000001"
"Total nuts 1/","Canada","Million dollars","2015","135.80000000000001"
"Total nuts 1/","Canada","Million dollars","2014","97.3"
"Total nuts 1/","Canada","Million dollars","2013","85.2"
"Total nuts 1/","Canada","Million dollars","2012","73.5"
"Total nuts 1/","Canada","Million dollars","2011","43.8"
"Total nuts 1/","Canada","Million dollars","2010","35.200000000000003"
"Total nuts 1/","Canada","Million dollars","2009","39.5"
"Total nuts 1/","Canada","Million dollars","2008","46.2"
"Total nuts 1/","Canada","Million dollars","2007","35.700000000000003"
"Total nuts 1/","Canada","Million dollars","2006","33.1"
"Total nuts 1/","Canada","Million dollars","2005","30"
"Total nuts 1/","Canada","Million dollars","2004","29.2"
"Total nuts 1/","Canada","Million dollars","2003","26.1"
"Total nuts 1/","Canada","Million dollars","2002","30.2"
"Total nuts 1/","Canada","Million dollars","2001","30.6"
"Total nuts 1/","Canada","Million dollars","2000","26.8"
"Total nuts 1/","Canada","Million dollars","1999","27.1"
"Total nuts 1/","Thailand","Million dollars","2023","122.8"
"Total nuts 1/","Thailand","Million dollars","2022","136.6"
"Total nuts 1/","Thailand","Million dollars","2021","121.2"
"Total nuts 1/","Thailand","Million dollars","2020","100.3"
"Total nuts 1/","Thailand","Million dollars","2019","106.9"
"Total nuts 1/","Thailand","Million dollars","2018","120.9"
"Total nuts 1/","Thailand","Million dollars","2017","125"
"Total nuts 1/","Thailand","Million dollars","2016","114.1"
"Total nuts 1/","Thailand","Million dollars","2015","120"
"Total nuts 1/","Thailand","Million dollars","2014","101.1"
"Total nuts 1/","Thailand","Million dollars","2013","80.5"
"Total nuts 1/","Thailand","Million dollars","2012","67.599999999999994"
"Total nuts 1/","Thailand","Million dollars","2011","59.7"
"Total nuts 1/","Thailand","Million dollars","2010","43.4"
"Total nuts 1/","Thailand","Million dollars","2009","38"
"Total nuts 1/","Thailand","Million dollars","2008","25.8"
"Total nuts 1/","Thailand","Million dollars","2007","19.8"
"Total nuts 1/","Thailand","Million dollars","2006","19.8"
"Total nuts 1/","Thailand","Million dollars","2005","20.6"
"Total nuts 1/","Thailand","Million dollars","2004","16.899999999999999"
"Total nuts 1/","Thailand","Million dollars","2003","9.9"
"Total nuts 1/","Thailand","Million dollars","2002","7.1"
"Total nuts 1/","Thailand","Million dollars","2001","9.1999999999999993"
"Total nuts 1/","Thailand","Million dollars","2000","7.9"
"Total nuts 1/","Thailand","Million dollars","1999","8.5"
"Total nuts 1/","China","Million dollars","2023","70.8"
"Total nuts 1/","China","Million dollars","2022","99.2"
"Total nuts 1/","China","Million dollars","2021","82.5"
"Total nuts 1/","China","Million dollars","2020","86.2"
"Total nuts 1/","China","Million dollars","2019","106"
"Total nuts 1/","China","Million dollars","2018","122.7"
"Total nuts 1/","China","Million dollars","2017","97.2"
"Total nuts 1/","China","Million dollars","2016","109.6"
"Total nuts 1/","China","Million dollars","2015","121.5"
"Total nuts 1/","China","Million dollars","2014","111.4"
"Total nuts 1/","China","Million dollars","2013","116.2"
"Total nuts 1/","China","Million dollars","2012","123.7"
"Total nuts 1/","China","Million dollars","2011","93"
"Total nuts 1/","China","Million dollars","2010","107.1"
"Total nuts 1/","China","Million dollars","2009","106"
"Total nuts 1/","China","Million dollars","2008","110.7"
"Total nuts 1/","China","Million dollars","2007","95"
"Total nuts 1/","China","Million dollars","2006","88.2"
"Total nuts 1/","China","Million dollars","2005","74.400000000000006"
"Total nuts 1/","China","Million dollars","2004","65.599999999999994"
"Total nuts 1/","China","Million dollars","2003","45.4"
"Total nuts 1/","China","Million dollars","2002","38.799999999999997"
"Total nuts 1/","China","Million dollars","2001","28.3"
"Total nuts 1/","China","Million dollars","2000","22.1"
"Total nuts 1/","China","Million dollars","1999","32.6"
"Total nuts 1/","Philippines","Million dollars","2023","70.2"
"Total nuts 1/","Philippines","Million dollars","2022","136"
"Total nuts 1/","Philippines","Million dollars","2021","132.80000000000001"
"Total nuts 1/","Philippines","Million dollars","2020","81.400000000000006"
"Total nuts 1/","Philippines","Million dollars","2019","91.5"
"Total nuts 1/","Philippines","Million dollars","2018","110.7"
"Total nuts 1/","Philippines","Million dollars","2017","107"
"Total nuts 1/","Philippines","Million dollars","2016","99.6"
"Total nuts 1/","Philippines","Million dollars","2015","115.3"
"Total nuts 1/","Philippines","Million dollars","2014","114.4"
"Total nuts 1/","Philippines","Million dollars","2013","73.400000000000006"
"Total nuts 1/","Philippines","Million dollars","2012","97.7"
"Total nuts 1/","Philippines","Million dollars","2011","111.4"
"Total nuts 1/","Philippines","Million dollars","2010","50.6"
"Total nuts 1/","Philippines","Million dollars","2009","54.5"
"Total nuts 1/","Philippines","Million dollars","2008","54.2"
"Total nuts 1/","Philippines","Million dollars","2007","49.4"
"Total nuts 1/","Philippines","Million dollars","2006","36.9"
"Total nuts 1/","Philippines","Million dollars","2005","38.299999999999997"
"Total nuts 1/","Philippines","Million dollars","2004","33.799999999999997"
"Total nuts 1/","Philippines","Million dollars","2003","36.4"
"Total nuts 1/","Philippines","Million dollars","2002","34.700000000000003"
"Total nuts 1/","Philippines","Million dollars","2001","28.9"
"Total nuts 1/","Philippines","Million dollars","2000","40.799999999999997"
"Total nuts 1/","Philippines","Million dollars","1999","44.4"
"Total nuts 1/","South Africa","Million dollars","2023","43.8"
"Total nuts 1/","South Africa","Million dollars","2022","83.4"
"Total nuts 1/","South Africa","Million dollars","2021","61.6"
"Total nuts 1/","South Africa","Million dollars","2020","71.5"
"Total nuts 1/","South Africa","Million dollars","2019","127.4"
"Total nuts 1/","South Africa","Million dollars","2018","81.5"
"Total nuts 1/","South Africa","Million dollars","2017","57.2"
"Total nuts 1/","South Africa","Million dollars","2016","53.1"
"Total nuts 1/","South Africa","Million dollars","2015","65.2"
"Total nuts 1/","South Africa","Million dollars","2014","48.4"
"Total nuts 1/","South Africa","Million dollars","2013","42.2"
"Total nuts 1/","South Africa","Million dollars","2012","40.9"
"Total nuts 1/","South Africa","Million dollars","2011","34.299999999999997"
"Total nuts 1/","South Africa","Million dollars","2010","28.5"
"Total nuts 1/","South Africa","Million dollars","2009","15.9"
"Total nuts 1/","South Africa","Million dollars","2008","14.2"
"Total nuts 1/","South Africa","Million dollars","2007","11.1"
"Total nuts 1/","South Africa","Million dollars","2006","13"
"Total nuts 1/","South Africa","Million dollars","2005","22.2"
"Total nuts 1/","South Africa","Million dollars","2004","19.399999999999999"
"Total nuts 1/","South Africa","Million dollars","2003","16.3"
"Total nuts 1/","South Africa","Million dollars","2002","11.1"
"Total nuts 1/","South Africa","Million dollars","2001","11.1"
"Total nuts 1/","South Africa","Million dollars","2000","10.5"
"Total nuts 1/","South Africa","Million dollars","1999","7.2"
"Total nuts 1/","India","Million dollars","2023","42.2"
"Total nuts 1/","India","Million dollars","2022","43.2"
"Total nuts 1/","India","Million dollars","2021","54.9"
"Total nuts 1/","India","Million dollars","2020","47.3"
"Total nuts 1/","India","Million dollars","2019","65.8"
"Total nuts 1/","India","Million dollars","2018","97.2"
"Total nuts 1/","India","Million dollars","2017","235.1"
"Total nuts 1/","India","Million dollars","2016","157.4"
"Total nuts 1/","India","Million dollars","2015","244.3"
"Total nuts 1/","India","Million dollars","2014","233"
"Total nuts 1/","India","Million dollars","2013","285.10000000000002"
"Total nuts 1/","India","Million dollars","2012","285.8"
"Total nuts 1/","India","Million dollars","2011","318"
"Total nuts 1/","India","Million dollars","2010","191.1"
"Total nuts 1/","India","Million dollars","2009","175.1"
"Total nuts 1/","India","Million dollars","2008","242.7"
"Total nuts 1/","India","Million dollars","2007","204.6"
"Total nuts 1/","India","Million dollars","2006","220.7"
"Total nuts 1/","India","Million dollars","2005","269"
"Total nuts 1/","India","Million dollars","2004","259.5"
"Total nuts 1/","India","Million dollars","2003","194.8"
"Total nuts 1/","India","Million dollars","2002","220.7"
"Total nuts 1/","India","Million dollars","2001","222.9"
"Total nuts 1/","India","Million dollars","2000","249.4"
"Total nuts 1/","India","Million dollars","1999","297.89999999999998"
"Total nuts 1/","Brazil","Million dollars","2023","39.299999999999997"
"Total nuts 1/","Brazil","Million dollars","2022","40.5"
"Total nuts 1/","Brazil","Million dollars","2021","69.900000000000006"
"Total nuts 1/","Brazil","Million dollars","2020","46.1"
"Total nuts 1/","Brazil","Million dollars","2019","68.3"
"Total nuts 1/","Brazil","Million dollars","2018","79.599999999999994"
"Total nuts 1/","Brazil","Million dollars","2017","62.3"
"Total nuts 1/","Brazil","Million dollars","2016","75.400000000000006"
"Total nuts 1/","Brazil","Million dollars","2015","67.2"
"Total nuts 1/","Brazil","Million dollars","2014","51.2"
"Total nuts 1/","Brazil","Million dollars","2013","72.7"
"Total nuts 1/","Brazil","Million dollars","2012","116"
"Total nuts 1/","Brazil","Million dollars","2011","149.4"
"Total nuts 1/","Brazil","Million dollars","2010","148.1"
"Total nuts 1/","Brazil","Million dollars","2009","156.4"
"Total nuts 1/","Brazil","Million dollars","2008","133.80000000000001"
"Total nuts 1/","Brazil","Million dollars","2007","167"
"Total nuts 1/","Brazil","Million dollars","2006","146.1"
"Total nuts 1/","Brazil","Million dollars","2005","157.80000000000001"
"Total nuts 1/","Brazil","Million dollars","2004","153.80000000000001"
"Total nuts 1/","Brazil","Million dollars","2003","116.8"
"Total nuts 1/","Brazil","Million dollars","2002","85"
"Total nuts 1/","Brazil","Million dollars","2001","94.5"
"Total nuts 1/","Brazil","Million dollars","2000","150.80000000000001"
"Total nuts 1/","Brazil","Million dollars","1999","114.9"
"Total nuts 1/","Rest of world","Million dollars","2023","358"
"Total nuts 1/","Rest of world","Million dollars","2022","547.70000000000005"
"Total nuts 1/","Rest of world","Million dollars","2021","511.4"
"Total nuts 1/","Rest of world","Million dollars","2020","450.5"
"Total nuts 1/","Rest of world","Million dollars","2019","598.20000000000005"
"Total nuts 1/","Rest of world","Million dollars","2018","601.70000000000005"
"Total nuts 1/","Rest of world","Million dollars","2017","566.1"
"Total nuts 1/","Rest of world","Million dollars","2016","514.79999999999995"
"Total nuts 1/","Rest of world","Million dollars","2015","581.29999999999995"
"Total nuts 1/","Rest of world","Million dollars","2014","530.29999999999995"
"Total nuts 1/","Rest of world","Million dollars","2013","411.6"
"Total nuts 1/","Rest of world","Million dollars","2012","446.9"
"Total nuts 1/","Rest of world","Million dollars","2011","311.5"
"Total nuts 1/","Rest of world","Million dollars","2010","268.8"
"Total nuts 1/","Rest of world","Million dollars","2009","199.7"
"Total nuts 1/","Rest of world","Million dollars","2008","251.2"
"Total nuts 1/","Rest of world","Million dollars","2007","211.7"
"Total nuts 1/","Rest of world","Million dollars","2006","198.7"
"Total nuts 1/","Rest of world","Million dollars","2005","195.5"
"Total nuts 1/","Rest of world","Million dollars","2004","178.5"
"Total nuts 1/","Rest of world","Million dollars","2003","131"
"Total nuts 1/","Rest of world","Million dollars","2002","131.19999999999999"
"Total nuts 1/","Rest of world","Million dollars","2001","149.6"
"Total nuts 1/","Rest of world","Million dollars","2000","162.1"
"Total nuts 1/","Rest of world","Million dollars","1999","162.80000000000001"
"Total nuts 1/","World","Million dollars","2023","2520"
"Total nuts 1/","World","Million dollars","2022","2946.3"
"Total nuts 1/","World","Million dollars","2021","3150.2"
"Total nuts 1/","World","Million dollars","2020","2768.8"
"Total nuts 1/","World","Million dollars","2019","3176.7"
"Total nuts 1/","World","Million dollars","2018","3495.5"
"Total nuts 1/","World","Million dollars","2017","3299.9"
"Total nuts 1/","World","Million dollars","2016","2870.4"
"Total nuts 1/","World","Million dollars","2015","2767.3"
"Total nuts 1/","World","Million dollars","2014","2360.5"
"Total nuts 1/","World","Million dollars","2013","2000.2"
"Total nuts 1/","World","Million dollars","2012","1999.6"
"Total nuts 1/","World","Million dollars","2011","1863.2"
"Total nuts 1/","World","Million dollars","2010","1461.7"
"Total nuts 1/","World","Million dollars","2009","1278.3"
"Total nuts 1/","World","Million dollars","2008","1350.7"
"Total nuts 1/","World","Million dollars","2007","1181.4000000000001"
"Total nuts 1/","World","Million dollars","2006","1099.4000000000001"
"Total nuts 1/","World","Million dollars","2005","1121.9000000000001"
"Total nuts 1/","World","Million dollars","2004","1078.4000000000001"
"Total nuts 1/","World","Million dollars","2003","775.6"
"Total nuts 1/","World","Million dollars","2002","700.5"
"Total nuts 1/","World","Million dollars","2001","670.2"
"Total nuts 1/","World","Million dollars","2000","808.7"
"Total nuts 1/","World","Million dollars","1999","793.9"
"Total nuts 1/","World (quantity)","1,000 metric tons","2023","517.1"
"Total nuts 1/","World (quantity)","1,000 metric tons","2022","550.20000000000005"
"Total nuts 1/","World (quantity)","1,000 metric tons","2021","589.20000000000005"
"Total nuts 1/","World (quantity)","1,000 metric tons","2020","513.79999999999995"
"Total nuts 1/","World (quantity)","1,000 metric tons","2019","534.29999999999995"
"Total nuts 1/","World (quantity)","1,000 metric tons","2018","553.79999999999995"
"Total nuts 1/","World (quantity)","1,000 metric tons","2017","544.79999999999995"
"Total nuts 1/","World (quantity)","1,000 metric tons","2016","514.1"
"Total nuts 1/","World (quantity)","1,000 metric tons","2015","507.3"
"Total nuts 1/","World (quantity)","1,000 metric tons","2014","472.7"
"Total nuts 1/","World (quantity)","1,000 metric tons","2013","425.8"
"Total nuts 1/","World (quantity)","1,000 metric tons","2012","441.2"
"Total nuts 1/","World (quantity)","1,000 metric tons","2011","357.6"
"Total nuts 1/","World (quantity)","1,000 metric tons","2010","357.7"
"Total nuts 1/","World (quantity)","1,000 metric tons","2009","356"
"Total nuts 1/","World (quantity)","1,000 metric tons","2008","339.4"
"Total nuts 1/","World (quantity)","1,000 metric tons","2007","352.5"
"Total nuts 1/","World (quantity)","1,000 metric tons","2006","325.8"
"Total nuts 1/","World (quantity)","1,000 metric tons","2005","326.5"
"Total nuts 1/","World (quantity)","1,000 metric tons","2004","334.8"
"Total nuts 1/","World (quantity)","1,000 metric tons","2003","309.89999999999998"
"Total nuts 1/","World (quantity)","1,000 metric tons","2002","332.6"
"Total nuts 1/","World (quantity)","1,000 metric tons","2001","315.89999999999998"
"Total nuts 1/","World (quantity)","1,000 metric tons","2000","312.39999999999998"
"Total nuts 1/","World (quantity)","1,000 metric tons","1999","271.89999999999998"
"Tree nuts 2/","Vietnam","Million dollars","2023","729.1"
"Tree nuts 2/","Vietnam","Million dollars","2022","845.1"
"Tree nuts 2/","Vietnam","Million dollars","2021","1082.8"
"Tree nuts 2/","Vietnam","Million dollars","2020","982.3"
"Tree nuts 2/","Vietnam","Million dollars","2019","1010.2"
"Tree nuts 2/","Vietnam","Million dollars","2018","1225.9000000000001"
"Tree nuts 2/","Vietnam","Million dollars","2017","1191.5999999999999"
"Tree nuts 2/","Vietnam","Million dollars","2016","921.6"
"Tree nuts 2/","Vietnam","Million dollars","2015","793.5"
"Tree nuts 2/","Vietnam","Million dollars","2014","608.9"
"Tree nuts 2/","Vietnam","Million dollars","2013","509.6"
"Tree nuts 2/","Vietnam","Million dollars","2012","389"
"Tree nuts 2/","Vietnam","Million dollars","2011","401.2"
"Tree nuts 2/","Vietnam","Million dollars","2010","341.9"
"Tree nuts 2/","Vietnam","Million dollars","2009","246.3"
"Tree nuts 2/","Vietnam","Million dollars","2008","256.89999999999998"
"Tree nuts 2/","Vietnam","Million dollars","2007","198.4"
"Tree nuts 2/","Vietnam","Million dollars","2006","152.19999999999999"
"Tree nuts 2/","Vietnam","Million dollars","2005","153.4"
"Tree nuts 2/","Vietnam","Million dollars","2004","170.3"
"Tree nuts 2/","Vietnam","Million dollars","2003","98.2"
"Tree nuts 2/","Vietnam","Million dollars","2002","69.599999999999994"
"Tree nuts 2/","Vietnam","Million dollars","2001","47.6"
"Tree nuts 2/","Vietnam","Million dollars","2000","50.4"
"Tree nuts 2/","Vietnam","Million dollars","1999","22.9"
"Tree nuts 2/","Mexico","Million dollars","2023","572"
"Tree nuts 2/","Mexico","Million dollars","2022","532.20000000000005"
"Tree nuts 2/","Mexico","Million dollars","2021","583.20000000000005"
"Tree nuts 2/","Mexico","Million dollars","2020","581.4"
"Tree nuts 2/","Mexico","Million dollars","2019","705.5"
"Tree nuts 2/","Mexico","Million dollars","2018","736.9"
"Tree nuts 2/","Mexico","Million dollars","2017","564.5"
"Tree nuts 2/","Mexico","Million dollars","2016","575.79999999999995"
"Tree nuts 2/","Mexico","Million dollars","2015","420.5"
"Tree nuts 2/","Mexico","Million dollars","2014","374.6"
"Tree nuts 2/","Mexico","Million dollars","2013","254.3"
"Tree nuts 2/","Mexico","Million dollars","2012","282.8"
"Tree nuts 2/","Mexico","Million dollars","2011","283.8"
"Tree nuts 2/","Mexico","Million dollars","2010","204.9"
"Tree nuts 2/","Mexico","Million dollars","2009","211.6"
"Tree nuts 2/","Mexico","Million dollars","2008","172"
"Tree nuts 2/","Mexico","Million dollars","2007","150.69999999999999"
"Tree nuts 2/","Mexico","Million dollars","2006","164.2"
"Tree nuts 2/","Mexico","Million dollars","2005","135.6"
"Tree nuts 2/","Mexico","Million dollars","2004","142.19999999999999"
"Tree nuts 2/","Mexico","Million dollars","2003","89.8"
"Tree nuts 2/","Mexico","Million dollars","2002","59.5"
"Tree nuts 2/","Mexico","Million dollars","2001","35"
"Tree nuts 2/","Mexico","Million dollars","2000","79.7"
"Tree nuts 2/","Mexico","Million dollars","1999","70.900000000000006"
"Tree nuts 2/","Philippines","Million dollars","2023","55.4"
"Tree nuts 2/","Philippines","Million dollars","2022","114.6"
"Tree nuts 2/","Philippines","Million dollars","2021","103.9"
"Tree nuts 2/","Philippines","Million dollars","2020","62.5"
"Tree nuts 2/","Philippines","Million dollars","2019","69.2"
"Tree nuts 2/","Philippines","Million dollars","2018","92.7"
"Tree nuts 2/","Philippines","Million dollars","2017","86.7"
"Tree nuts 2/","Philippines","Million dollars","2016","81.400000000000006"
"Tree nuts 2/","Philippines","Million dollars","2015","105.2"
"Tree nuts 2/","Philippines","Million dollars","2014","106.7"
"Tree nuts 2/","Philippines","Million dollars","2013","67.099999999999994"
"Tree nuts 2/","Philippines","Million dollars","2012","89.9"
"Tree nuts 2/","Philippines","Million dollars","2011","104.9"
"Tree nuts 2/","Philippines","Million dollars","2010","47.2"
"Tree nuts 2/","Philippines","Million dollars","2009","51.3"
"Tree nuts 2/","Philippines","Million dollars","2008","50.6"
"Tree nuts 2/","Philippines","Million dollars","2007","45.7"
"Tree nuts 2/","Philippines","Million dollars","2006","33.5"
"Tree nuts 2/","Philippines","Million dollars","2005","35.6"
"Tree nuts 2/","Philippines","Million dollars","2004","31.5"
"Tree nuts 2/","Philippines","Million dollars","2003","34.5"
"Tree nuts 2/","Philippines","Million dollars","2002","32.4"
"Tree nuts 2/","Philippines","Million dollars","2001","27.3"
"Tree nuts 2/","Philippines","Million dollars","2000","38.6"
"Tree nuts 2/","Philippines","Million dollars","1999","41.1"
"Tree nuts 2/","China","Million dollars","2023","49.6"
"Tree nuts 2/","China","Million dollars","2022","78.599999999999994"
"Tree nuts 2/","China","Million dollars","2021","64.400000000000006"
"Tree nuts 2/","China","Million dollars","2020","69"
"Tree nuts 2/","China","Million dollars","2019","85.6"
"Tree nuts 2/","China","Million dollars","2018","91.8"
"Tree nuts 2/","China","Million dollars","2017","72"
"Tree nuts 2/","China","Million dollars","2016","86.8"
"Tree nuts 2/","China","Million dollars","2015","98"
"Tree nuts 2/","China","Million dollars","2014","89.8"
"Tree nuts 2/","China","Million dollars","2013","92.8"
"Tree nuts 2/","China","Million dollars","2012","92.1"
"Tree nuts 2/","China","Million dollars","2011","66.5"
"Tree nuts 2/","China","Million dollars","2010","86.7"
"Tree nuts 2/","China","Million dollars","2009","82.6"
"Tree nuts 2/","China","Million dollars","2008","79.900000000000006"
"Tree nuts 2/","China","Million dollars","2007","63.4"
"Tree nuts 2/","China","Million dollars","2006","65.099999999999994"
"Tree nuts 2/","China","Million dollars","2005","55.6"
"Tree nuts 2/","China","Million dollars","2004","52.5"
"Tree nuts 2/","China","Million dollars","2003","35.799999999999997"
"Tree nuts 2/","China","Million dollars","2002","33.299999999999997"
"Tree nuts 2/","China","Million dollars","2001","23.1"
"Tree nuts 2/","China","Million dollars","2000","17.600000000000001"
"Tree nuts 2/","China","Million dollars","1999","28.7"
"Tree nuts 2/","South Africa","Million dollars","2023","43.6"
"Tree nuts 2/","South Africa","Million dollars","2022","83.4"
"Tree nuts 2/","South Africa","Million dollars","2021","59.8"
"Tree nuts 2/","South Africa","Million dollars","2020","67.599999999999994"
"Tree nuts 2/","South Africa","Million dollars","2019","121"
"Tree nuts 2/","South Africa","Million dollars","2018","79.5"
"Tree nuts 2/","South Africa","Million dollars","2017","56.6"
"Tree nuts 2/","South Africa","Million dollars","2016","52.8"
"Tree nuts 2/","South Africa","Million dollars","2015","64.900000000000006"
"Tree nuts 2/","South Africa","Million dollars","2014","48.4"
"Tree nuts 2/","South Africa","Million dollars","2013","41.3"
"Tree nuts 2/","South Africa","Million dollars","2012","40.4"
"Tree nuts 2/","South Africa","Million dollars","2011","33.1"
"Tree nuts 2/","South Africa","Million dollars","2010","27.7"
"Tree nuts 2/","South Africa","Million dollars","2009","15.8"
"Tree nuts 2/","South Africa","Million dollars","2008","13.3"
"Tree nuts 2/","South Africa","Million dollars","2007","11"
"Tree nuts 2/","South Africa","Million dollars","2006","13"
"Tree nuts 2/","South Africa","Million dollars","2005","22.2"
"Tree nuts 2/","South Africa","Million dollars","2004","19.3"
"Tree nuts 2/","South Africa","Million dollars","2003","16.2"
"Tree nuts 2/","South Africa","Million dollars","2002","10.1"
"Tree nuts 2/","South Africa","Million dollars","2001","8.6"
"Tree nuts 2/","South Africa","Million dollars","2000","7.8"
"Tree nuts 2/","South Africa","Million dollars","1999","6.3"
"Tree nuts 2/","Brazil","Million dollars","2023","36.700000000000003"
"Tree nuts 2/","Brazil","Million dollars","2022","37.700000000000003"
"Tree nuts 2/","Brazil","Million dollars","2021","65.2"
"Tree nuts 2/","Brazil","Million dollars","2020","43.5"
"Tree nuts 2/","Brazil","Million dollars","2019","66.400000000000006"
"Tree nuts 2/","Brazil","Million dollars","2018","76.7"
"Tree nuts 2/","Brazil","Million dollars","2017","61"
"Tree nuts 2/","Brazil","Million dollars","2016","74.3"
"Tree nuts 2/","Brazil","Million dollars","2015","66.8"
"Tree nuts 2/","Brazil","Million dollars","2014","50.4"
"Tree nuts 2/","Brazil","Million dollars","2013","72.599999999999994"
"Tree nuts 2/","Brazil","Million dollars","2012","110.5"
"Tree nuts 2/","Brazil","Million dollars","2011","149.19999999999999"
"Tree nuts 2/","Brazil","Million dollars","2010","147.30000000000001"
"Tree nuts 2/","Brazil","Million dollars","2009","153.19999999999999"
"Tree nuts 2/","Brazil","Million dollars","2008","129.4"
"Tree nuts 2/","Brazil","Million dollars","2007","162.5"
"Tree nuts 2/","Brazil","Million dollars","2006","141"
"Tree nuts 2/","Brazil","Million dollars","2005","153.19999999999999"
"Tree nuts 2/","Brazil","Million dollars","2004","147.5"
"Tree nuts 2/","Brazil","Million dollars","2003","110.9"
"Tree nuts 2/","Brazil","Million dollars","2002","80.599999999999994"
"Tree nuts 2/","Brazil","Million dollars","2001","88.5"
"Tree nuts 2/","Brazil","Million dollars","2000","141.19999999999999"
"Tree nuts 2/","Brazil","Million dollars","1999","104.2"
"Tree nuts 2/","Thailand","Million dollars","2023","34.299999999999997"
"Tree nuts 2/","Thailand","Million dollars","2022","32.1"
"Tree nuts 2/","Thailand","Million dollars","2021","25.5"
"Tree nuts 2/","Thailand","Million dollars","2020","29.1"
"Tree nuts 2/","Thailand","Million dollars","2019","35.9"
"Tree nuts 2/","Thailand","Million dollars","2018","36.5"
"Tree nuts 2/","Thailand","Million dollars","2017","35.299999999999997"
"Tree nuts 2/","Thailand","Million dollars","2016","35.799999999999997"
"Tree nuts 2/","Thailand","Million dollars","2015","37.6"
"Tree nuts 2/","Thailand","Million dollars","2014","32.799999999999997"
"Tree nuts 2/","Thailand","Million dollars","2013","27.2"
"Tree nuts 2/","Thailand","Million dollars","2012","22.8"
"Tree nuts 2/","Thailand","Million dollars","2011","18.5"
"Tree nuts 2/","Thailand","Million dollars","2010","13.7"
"Tree nuts 2/","Thailand","Million dollars","2009","10.6"
"Tree nuts 2/","Thailand","Million dollars","2008","6.7"
"Tree nuts 2/","Thailand","Million dollars","2007","5.9"
"Tree nuts 2/","Thailand","Million dollars","2006","4.8"
"Tree nuts 2/","Thailand","Million dollars","2005","5"
"Tree nuts 2/","Thailand","Million dollars","2004","3.9"
"Tree nuts 2/","Thailand","Million dollars","2003","2.8"
"Tree nuts 2/","Thailand","Million dollars","2002","2.2999999999999998"
"Tree nuts 2/","Thailand","Million dollars","2001","2"
"Tree nuts 2/","Thailand","Million dollars","2000","1.9"
"Tree nuts 2/","Thailand","Million dollars","1999","2.2000000000000002"
"Tree nuts 2/","Cote d'Ivoire","Million dollars","2023","34"
"Tree nuts 2/","Cote d'Ivoire","Million dollars","2022","45.6"
"Tree nuts 2/","Cote d'Ivoire","Million dollars","2021","29.6"
"Tree nuts 2/","Cote d'Ivoire","Million dollars","2020","15.4"
"Tree nuts 2/","Cote d'Ivoire","Million dollars","2019","24.2"
"Tree nuts 2/","Cote d'Ivoire","Million dollars","2018","24.2"
"Tree nuts 2/","Cote d'Ivoire","Million dollars","2017","18.7"
"Tree nuts 2/","Cote d'Ivoire","Million dollars","2016","20.3"
"Tree nuts 2/","Cote d'Ivoire","Million dollars","2015","27.8"
"Tree nuts 2/","Cote d'Ivoire","Million dollars","2014","24.9"
"Tree nuts 2/","Cote d'Ivoire","Million dollars","2013","19.2"
"Tree nuts 2/","Cote d'Ivoire","Million dollars","2012","14.6"
"Tree nuts 2/","Cote d'Ivoire","Million dollars","2011","5"
"Tree nuts 2/","Cote d'Ivoire","Million dollars","2010","12"
"Tree nuts 2/","Cote d'Ivoire","Million dollars","2009","3.2"
"Tree nuts 2/","Cote d'Ivoire","Million dollars","2008","4.5999999999999996"
"Tree nuts 2/","Cote d'Ivoire","Million dollars","2007","4.8"
"Tree nuts 2/","Cote d'Ivoire","Million dollars","2006","4.5999999999999996"
"Tree nuts 2/","Cote d'Ivoire","Million dollars","2005","4.5"
"Tree nuts 2/","Cote d'Ivoire","Million dollars","2004","8.6"
"Tree nuts 2/","Cote d'Ivoire","Million dollars","2003","4.5999999999999996"
"Tree nuts 2/","Cote d'Ivoire","Million dollars","2002","2.5"
"Tree nuts 2/","Cote d'Ivoire","Million dollars","2001","3.4"
"Tree nuts 2/","Cote d'Ivoire","Million dollars","2000","2.5"
"Tree nuts 2/","Cote d'Ivoire","Million dollars","1999","1.3"
"Tree nuts 2/","Kenya","Million dollars","2023","18.8"
"Tree nuts 2/","Kenya","Million dollars","2022","68.5"
"Tree nuts 2/","Kenya","Million dollars","2021","59.2"
"Tree nuts 2/","Kenya","Million dollars","2020","42.7"
"Tree nuts 2/","Kenya","Million dollars","2019","55.1"
"Tree nuts 2/","Kenya","Million dollars","2018","74"
"Tree nuts 2/","Kenya","Million dollars","2017","59.6"
"Tree nuts 2/","Kenya","Million dollars","2016","42.3"
"Tree nuts 2/","Kenya","Million dollars","2015","46.4"
"Tree nuts 2/","Kenya","Million dollars","2014","39.9"
"Tree nuts 2/","Kenya","Million dollars","2013","29.3"
"Tree nuts 2/","Kenya","Million dollars","2012","33.200000000000003"
"Tree nuts 2/","Kenya","Million dollars","2011","29.3"
"Tree nuts 2/","Kenya","Million dollars","2010","18.399999999999999"
"Tree nuts 2/","Kenya","Million dollars","2009","5"
"Tree nuts 2/","Kenya","Million dollars","2008","5.9"
"Tree nuts 2/","Kenya","Million dollars","2007","4.0999999999999996"
"Tree nuts 2/","Kenya","Million dollars","2006","7.4"
"Tree nuts 2/","Kenya","Million dollars","2005","8.9"
"Tree nuts 2/","Kenya","Million dollars","2004","13.6"
"Tree nuts 2/","Kenya","Million dollars","2003","6"
"Tree nuts 2/","Kenya","Million dollars","2002","1.7"
"Tree nuts 2/","Kenya","Million dollars","2001","1.1000000000000001"
"Tree nuts 2/","Kenya","Million dollars","2000","0.2"
"Tree nuts 2/","Kenya","Million dollars","1999","1.4"
"Tree nuts 2/","Rest of world","Million dollars","2023","161.6"
"Tree nuts 2/","Rest of world","Million dollars","2022","273.2"
"Tree nuts 2/","Rest of world","Million dollars","2021","292.3"
"Tree nuts 2/","Rest of world","Million dollars","2020","260.39999999999998"
"Tree nuts 2/","Rest of world","Million dollars","2019","390"
"Tree nuts 2/","Rest of world","Million dollars","2018","414.3"
"Tree nuts 2/","Rest of world","Million dollars","2017","541.4"
"Tree nuts 2/","Rest of world","Million dollars","2016","458.5"
"Tree nuts 2/","Rest of world","Million dollars","2015","580.6"
"Tree nuts 2/","Rest of world","Million dollars","2014","533.29999999999995"
"Tree nuts 2/","Rest of world","Million dollars","2013","490.3"
"Tree nuts 2/","Rest of world","Million dollars","2012","455.4"
"Tree nuts 2/","Rest of world","Million dollars","2011","489.2"
"Tree nuts 2/","Rest of world","Million dollars","2010","352"
"Tree nuts 2/","Rest of world","Million dollars","2009","295"
"Tree nuts 2/","Rest of world","Million dollars","2008","396.8"
"Tree nuts 2/","Rest of world","Million dollars","2007","342.1"
"Tree nuts 2/","Rest of world","Million dollars","2006","362.2"
"Tree nuts 2/","Rest of world","Million dollars","2005","408.1"
"Tree nuts 2/","Rest of world","Million dollars","2004","380.5"
"Tree nuts 2/","Rest of world","Million dollars","2003","273.3"
"Tree nuts 2/","Rest of world","Million dollars","2002","282"
"Tree nuts 2/","Rest of world","Million dollars","2001","298.2"
"Tree nuts 2/","Rest of world","Million dollars","2000","343.5"
"Tree nuts 2/","Rest of world","Million dollars","1999","392.6"
"Tree nuts 2/","World","Million dollars","2023","1735.1"
"Tree nuts 2/","World","Million dollars","2022","2111"
"Tree nuts 2/","World","Million dollars","2021","2365.9"
"Tree nuts 2/","World","Million dollars","2020","2153.9"
"Tree nuts 2/","World","Million dollars","2019","2563.1"
"Tree nuts 2/","World","Million dollars","2018","2852.5"
"Tree nuts 2/","World","Million dollars","2017","2687.4"
"Tree nuts 2/","World","Million dollars","2016","2349.6"
"Tree nuts 2/","World","Million dollars","2015","2241.3000000000002"
"Tree nuts 2/","World","Million dollars","2014","1909.7"
"Tree nuts 2/","World","Million dollars","2013","1603.7"
"Tree nuts 2/","World","Million dollars","2012","1530.7"
"Tree nuts 2/","World","Million dollars","2011","1580.7"
"Tree nuts 2/","World","Million dollars","2010","1251.8"
"Tree nuts 2/","World","Million dollars","2009","1074.5999999999999"
"Tree nuts 2/","World","Million dollars","2008","1116.0999999999999"
"Tree nuts 2/","World","Million dollars","2007","988.6"
"Tree nuts 2/","World","Million dollars","2006","948"
"Tree nuts 2/","World","Million dollars","2005","982.1"
"Tree nuts 2/","World","Million dollars","2004","969.9"
"Tree nuts 2/","World","Million dollars","2003","672.1"
"Tree nuts 2/","World","Million dollars","2002","574"
"Tree nuts 2/","World","Million dollars","2001","534.79999999999995"
"Tree nuts 2/","World","Million dollars","2000","683.4"
"Tree nuts 2/","World","Million dollars","1999","671.6"
"Tree nuts 2/","World (quantity)","1,000 metric tons","2023","341.4"
"Tree nuts 2/","World (quantity)","1,000 metric tons","2022","364.8"
"Tree nuts 2/","World (quantity)","1,000 metric tons","2021","397.5"
"Tree nuts 2/","World (quantity)","1,000 metric tons","2020","361"
"Tree nuts 2/","World (quantity)","1,000 metric tons","2019","390.9"
"Tree nuts 2/","World (quantity)","1,000 metric tons","2018","393.9"
"Tree nuts 2/","World (quantity)","1,000 metric tons","2017","360.1"
"Tree nuts 2/","World (quantity)","1,000 metric tons","2016","367"
"Tree nuts 2/","World (quantity)","1,000 metric tons","2015","373.7"
"Tree nuts 2/","World (quantity)","1,000 metric tons","2014","357.9"
"Tree nuts 2/","World (quantity)","1,000 metric tons","2013","320.3"
"Tree nuts 2/","World (quantity)","1,000 metric tons","2012","288.89999999999998"
"Tree nuts 2/","World (quantity)","1,000 metric tons","2011","261.10000000000002"
"Tree nuts 2/","World (quantity)","1,000 metric tons","2010","281.3"
"Tree nuts 2/","World (quantity)","1,000 metric tons","2009","282.89999999999998"
"Tree nuts 2/","World (quantity)","1,000 metric tons","2008","254"
"Tree nuts 2/","World (quantity)","1,000 metric tons","2007","269"
"Tree nuts 2/","World (quantity)","1,000 metric tons","2006","258.2"
"Tree nuts 2/","World (quantity)","1,000 metric tons","2005","264.10000000000002"
"Tree nuts 2/","World (quantity)","1,000 metric tons","2004","279.8"
"Tree nuts 2/","World (quantity)","1,000 metric tons","2003","237"
"Tree nuts 2/","World (quantity)","1,000 metric tons","2002","221.3"
"Tree nuts 2/","World (quantity)","1,000 metric tons","2001","199"
"Tree nuts 2/","World (quantity)","1,000 metric tons","2000","208.5"
"Tree nuts 2/","World (quantity)","1,000 metric tons","1999","179.2"
"Cashew nuts","Vietnam","Million dollars","2023","722.7"
"Cashew nuts","Vietnam","Million dollars","2022","825.9"
"Cashew nuts","Vietnam","Million dollars","2021","1051.9000000000001"
"Cashew nuts","Vietnam","Million dollars","2020","963.1"
"Cashew nuts","Vietnam","Million dollars","2019","1004.9"
"Cashew nuts","Vietnam","Million dollars","2018","1215.5"
"Cashew nuts","Vietnam","Million dollars","2017","1187.3"
"Cashew nuts","Vietnam","Million dollars","2016","917.6"
"Cashew nuts","Vietnam","Million dollars","2015","791.1"
"Cashew nuts","Vietnam","Million dollars","2014","606.9"
"Cashew nuts","Vietnam","Million dollars","2013","508.3"
"Cashew nuts","Vietnam","Million dollars","2012","387.6"
"Cashew nuts","Vietnam","Million dollars","2011","400.2"
"Cashew nuts","Vietnam","Million dollars","2010","341.6"
"Cashew nuts","Vietnam","Million dollars","2009","245.9"
"Cashew nuts","Vietnam","Million dollars","2008","256.2"
"Cashew nuts","Vietnam","Million dollars","2007","197.7"
"Cashew nuts","Vietnam","Million dollars","2006","152"
"Cashew nuts","Vietnam","Million dollars","2005","152.5"
"Cashew nuts","Vietnam","Million dollars","2004","167.3"
"Cashew nuts","Vietnam","Million dollars","2003","97.2"
"Cashew nuts","Vietnam","Million dollars","2002","69.599999999999994"
"Cashew nuts","Vietnam","Million dollars","2001","47.6"
"Cashew nuts","Vietnam","Million dollars","2000","50.4"
"Cashew nuts","Vietnam","Million dollars","1999","22.9"
"Cashew nuts","Cote d'Ivoire","Million dollars","2023","34"
"Cashew nuts","Cote d'Ivoire","Million dollars","2022","39.5"
"Cashew nuts","Cote d'Ivoire","Million dollars","2021","28.1"
"Cashew nuts","Cote d'Ivoire","Million dollars","2020","11.5"
"Cashew nuts","Cote d'Ivoire","Million dollars","2019","17"
"Cashew nuts","Cote d'Ivoire","Million dollars","2018","18.8"
"Cashew nuts","Cote d'Ivoire","Million dollars","2017","13.8"
"Cashew nuts","Cote d'Ivoire","Million dollars","2016","16.7"
"Cashew nuts","Cote d'Ivoire","Million dollars","2015","24.3"
"Cashew nuts","Cote d'Ivoire","Million dollars","2014","18.8"
"Cashew nuts","Cote d'Ivoire","Million dollars","2013","17.100000000000001"
"Cashew nuts","Cote d'Ivoire","Million dollars","2012","11.9"
"Cashew nuts","Cote d'Ivoire","Million dollars","2011","5"
"Cashew nuts","Cote d'Ivoire","Million dollars","2010","3.4"
"Cashew nuts","Cote d'Ivoire","Million dollars","2009","2.5"
"Cashew nuts","Cote d'Ivoire","Million dollars","2008","1.2"
"Cashew nuts","Cote d'Ivoire","Million dollars","2007","0.6"
"Cashew nuts","Cote d'Ivoire","Million dollars","2006","0.2"
"Cashew nuts","Cote d'Ivoire","Million dollars","2005","0.3"
"Cashew nuts","Cote d'Ivoire","Million dollars","2004","0"
"Cashew nuts","Cote d'Ivoire","Million dollars","2003","0"
"Cashew nuts","Cote d'Ivoire","Million dollars","2002","0.3"
"Cashew nuts","Cote d'Ivoire","Million dollars","2001","0.4"
"Cashew nuts","Cote d'Ivoire","Million dollars","2000","0.3"
"Cashew nuts","Cote d'Ivoire","Million dollars","1999","0.4"
"Cashew nuts","Brazil","Million dollars","2023","24.7"
"Cashew nuts","Brazil","Million dollars","2022","22"
"Cashew nuts","Brazil","Million dollars","2021","39.5"
"Cashew nuts","Brazil","Million dollars","2020","30.2"
"Cashew nuts","Brazil","Million dollars","2019","48.3"
"Cashew nuts","Brazil","Million dollars","2018","57"
"Cashew nuts","Brazil","Million dollars","2017","54.8"
"Cashew nuts","Brazil","Million dollars","2016","67.599999999999994"
"Cashew nuts","Brazil","Million dollars","2015","46.1"
"Cashew nuts","Brazil","Million dollars","2014","41.5"
"Cashew nuts","Brazil","Million dollars","2013","59.8"
"Cashew nuts","Brazil","Million dollars","2012","102.8"
"Cashew nuts","Brazil","Million dollars","2011","141.4"
"Cashew nuts","Brazil","Million dollars","2010","139.69999999999999"
"Cashew nuts","Brazil","Million dollars","2009","146.4"
"Cashew nuts","Brazil","Million dollars","2008","120.3"
"Cashew nuts","Brazil","Million dollars","2007","145.30000000000001"
"Cashew nuts","Brazil","Million dollars","2006","123.4"
"Cashew nuts","Brazil","Million dollars","2005","120.4"
"Cashew nuts","Brazil","Million dollars","2004","125"
"Cashew nuts","Brazil","Million dollars","2003","100.3"
"Cashew nuts","Brazil","Million dollars","2002","72.5"
"Cashew nuts","Brazil","Million dollars","2001","81.599999999999994"
"Cashew nuts","Brazil","Million dollars","2000","125.9"
"Cashew nuts","Brazil","Million dollars","1999","97.3"
"Cashew nuts","Thailand","Million dollars","2023","10.4"
"Cashew nuts","Thailand","Million dollars","2022","11.1"
"Cashew nuts","Thailand","Million dollars","2021","8.4"
"Cashew nuts","Thailand","Million dollars","2020","11.7"
"Cashew nuts","Thailand","Million dollars","2019","13.3"
"Cashew nuts","Thailand","Million dollars","2018","13.3"
"Cashew nuts","Thailand","Million dollars","2017","14.2"
"Cashew nuts","Thailand","Million dollars","2016","11"
"Cashew nuts","Thailand","Million dollars","2015","15.4"
"Cashew nuts","Thailand","Million dollars","2014","11"
"Cashew nuts","Thailand","Million dollars","2013","10.4"
"Cashew nuts","Thailand","Million dollars","2012","8.4"
"Cashew nuts","Thailand","Million dollars","2011","7.8"
"Cashew nuts","Thailand","Million dollars","2010","4.9000000000000004"
"Cashew nuts","Thailand","Million dollars","2009","2.9"
"Cashew nuts","Thailand","Million dollars","2008","0"
"Cashew nuts","Thailand","Million dollars","2007","0.1"
"Cashew nuts","Thailand","Million dollars","2006","0.1"
"Cashew nuts","Thailand","Million dollars","2005","1"
"Cashew nuts","Thailand","Million dollars","2004","0.3"
"Cashew nuts","Thailand","Million dollars","2003","0.1"
"Cashew nuts","Thailand","Million dollars","2002","0"
"Cashew nuts","Thailand","Million dollars","2001","0"
"Cashew nuts","Thailand","Million dollars","2000","0.2"
"Cashew nuts","Thailand","Million dollars","1999","0.1"
"Cashew nuts","Nigeria","Million dollars","2023","7.2"
"Cashew nuts","Nigeria","Million dollars","2022","13.2"
"Cashew nuts","Nigeria","Million dollars","2021","8.8000000000000007"
"Cashew nuts","Nigeria","Million dollars","2020","6"
"Cashew nuts","Nigeria","Million dollars","2019","5.7"
"Cashew nuts","Nigeria","Million dollars","2018","6.2"
"Cashew nuts","Nigeria","Million dollars","2017","9.3000000000000007"
"Cashew nuts","Nigeria","Million dollars","2016","3.1"
"Cashew nuts","Nigeria","Million dollars","2015","1"
"Cashew nuts","Nigeria","Million dollars","2014","1"
"Cashew nuts","Nigeria","Million dollars","2013","3.3"
"Cashew nuts","Nigeria","Million dollars","2012","2.9"
"Cashew nuts","Nigeria","Million dollars","2011","4.4000000000000004"
"Cashew nuts","Nigeria","Million dollars","2010","3.3"
"Cashew nuts","Nigeria","Million dollars","2009","2.9"
"Cashew nuts","Nigeria","Million dollars","2008","2.5"
"Cashew nuts","Nigeria","Million dollars","2007","1.4"
"Cashew nuts","Nigeria","Million dollars","2006","0.2"
"Cashew nuts","Nigeria","Million dollars","2005","0.1"
"Cashew nuts","Nigeria","Million dollars","2004","0.1"
"Cashew nuts","Nigeria","Million dollars","2003","0.1"
"Cashew nuts","Nigeria","Million dollars","2002","0.1"
"Cashew nuts","Nigeria","Million dollars","2001","0.2"
"Cashew nuts","Nigeria","Million dollars","2000","0.2"
"Cashew nuts","Nigeria","Million dollars","1999","0.1"
"Cashew nuts","India","Million dollars","2023","7"
"Cashew nuts","India","Million dollars","2022","11.4"
"Cashew nuts","India","Million dollars","2021","25.5"
"Cashew nuts","India","Million dollars","2020","19.2"
"Cashew nuts","India","Million dollars","2019","37"
"Cashew nuts","India","Million dollars","2018","65.5"
"Cashew nuts","India","Million dollars","2017","198.8"
"Cashew nuts","India","Million dollars","2016","132.19999999999999"
"Cashew nuts","India","Million dollars","2015","218.9"
"Cashew nuts","India","Million dollars","2014","214.5"
"Cashew nuts","India","Million dollars","2013","265"
"Cashew nuts","India","Million dollars","2012","265.60000000000002"
"Cashew nuts","India","Million dollars","2011","307.60000000000002"
"Cashew nuts","India","Million dollars","2010","184.9"
"Cashew nuts","India","Million dollars","2009","169.3"
"Cashew nuts","India","Million dollars","2008","233.2"
"Cashew nuts","India","Million dollars","2007","198.1"
"Cashew nuts","India","Million dollars","2006","215"
"Cashew nuts","India","Million dollars","2005","261.39999999999998"
"Cashew nuts","India","Million dollars","2004","251.3"
"Cashew nuts","India","Million dollars","2003","185.1"
"Cashew nuts","India","Million dollars","2002","212.8"
"Cashew nuts","India","Million dollars","2001","215.3"
"Cashew nuts","India","Million dollars","2000","241.4"
"Cashew nuts","India","Million dollars","1999","287"
"Cashew nuts","Benin","Million dollars","2023","2.9"
"Cashew nuts","Benin","Million dollars","2022","0.8"
"Cashew nuts","Benin","Million dollars","2021","1.7"
"Cashew nuts","Benin","Million dollars","2020","3.2"
"Cashew nuts","Benin","Million dollars","2019","7.6"
"Cashew nuts","Benin","Million dollars","2018","16"
"Cashew nuts","Benin","Million dollars","2017","16.3"
"Cashew nuts","Benin","Million dollars","2016","4.5"
"Cashew nuts","Benin","Million dollars","2015","3.9"
"Cashew nuts","Benin","Million dollars","2014","3.5"
"Cashew nuts","Benin","Million dollars","2013","2.6"
"Cashew nuts","Benin","Million dollars","2012","0.8"
"Cashew nuts","Benin","Million dollars","2011","0.1"
"Cashew nuts","Benin","Million dollars","2010","0"
"Cashew nuts","Benin","Million dollars","2009","0.2"
"Cashew nuts","Benin","Million dollars","2008","0"
"Cashew nuts","Benin","Million dollars","2007","0"
"Cashew nuts","Benin","Million dollars","2006","0"
"Cashew nuts","Benin","Million dollars","2005","0"
"Cashew nuts","Benin","Million dollars","2004","0"
"Cashew nuts","Benin","Million dollars","2003","0"
"Cashew nuts","Benin","Million dollars","2002","0"
"Cashew nuts","Benin","Million dollars","2001","0"
"Cashew nuts","Benin","Million dollars","2000","0"
"Cashew nuts","Benin","Million dollars","1999","0"
"Cashew nuts","Rest of world","Million dollars","2023","8.4999999999998899"
"Cashew nuts","Rest of world","Million dollars","2022","10.7"
"Cashew nuts","Rest of world","Million dollars","2021","21.099999999999898"
"Cashew nuts","Rest of world","Million dollars","2020","37.699999999999797"
"Cashew nuts","Rest of world","Million dollars","2019","50"
"Cashew nuts","Rest of world","Million dollars","2018","56.7"
"Cashew nuts","Rest of world","Million dollars","2017","70.599999999999895"
"Cashew nuts","Rest of world","Million dollars","2016","64.2"
"Cashew nuts","Rest of world","Million dollars","2015","49.599999999999902"
"Cashew nuts","Rest of world","Million dollars","2014","44.800000000000097"
"Cashew nuts","Rest of world","Million dollars","2013","46.9"
"Cashew nuts","Rest of world","Million dollars","2012","30.6"
"Cashew nuts","Rest of world","Million dollars","2011","25.4"
"Cashew nuts","Rest of world","Million dollars","2010","28.499999999999901"
"Cashew nuts","Rest of world","Million dollars","2009","20.8"
"Cashew nuts","Rest of world","Million dollars","2008","27.7"
"Cashew nuts","Rest of world","Million dollars","2007","24.1999999999999"
"Cashew nuts","Rest of world","Million dollars","2006","19.7"
"Cashew nuts","Rest of world","Million dollars","2005","15.7"
"Cashew nuts","Rest of world","Million dollars","2004","8.6000000000000192"
"Cashew nuts","Rest of world","Million dollars","2003","6.8999999999999799"
"Cashew nuts","Rest of world","Million dollars","2002","6.3999999999999799"
"Cashew nuts","Rest of world","Million dollars","2001","7.6999999999999904"
"Cashew nuts","Rest of world","Million dollars","2000","21.6"
"Cashew nuts","Rest of world","Million dollars","1999","18.3"
"Cashew nuts","World","Million dollars","2023","817.4"
"Cashew nuts","World","Million dollars","2022","934.6"
"Cashew nuts","World","Million dollars","2021","1185"
"Cashew nuts","World","Million dollars","2020","1082.5999999999999"
"Cashew nuts","World","Million dollars","2019","1183.8"
"Cashew nuts","World","Million dollars","2018","1449"
"Cashew nuts","World","Million dollars","2017","1565.1"
"Cashew nuts","World","Million dollars","2016","1216.9000000000001"
"Cashew nuts","World","Million dollars","2015","1150.3"
"Cashew nuts","World","Million dollars","2014","942"
"Cashew nuts","World","Million dollars","2013","913.4"
"Cashew nuts","World","Million dollars","2012","810.6"
"Cashew nuts","World","Million dollars","2011","891.9"
"Cashew nuts","World","Million dollars","2010","706.3"
"Cashew nuts","World","Million dollars","2009","590.9"
"Cashew nuts","World","Million dollars","2008","641.1"
"Cashew nuts","World","Million dollars","2007","567.4"
"Cashew nuts","World","Million dollars","2006","510.6"
"Cashew nuts","World","Million dollars","2005","551.4"
"Cashew nuts","World","Million dollars","2004","552.6"
"Cashew nuts","World","Million dollars","2003","389.7"
"Cashew nuts","World","Million dollars","2002","361.7"
"Cashew nuts","World","Million dollars","2001","352.8"
"Cashew nuts","World","Million dollars","2000","440"
"Cashew nuts","World","Million dollars","1999","426.1"
"Cashew nuts","World (quantity)","1,000 metric tons","2023","143.69999999999999"
"Cashew nuts","World (quantity)","1,000 metric tons","2022","148.30000000000001"
"Cashew nuts","World (quantity)","1,000 metric tons","2021","183.4"
"Cashew nuts","World (quantity)","1,000 metric tons","2020","167.2"
"Cashew nuts","World (quantity)","1,000 metric tons","2019","154.9"
"Cashew nuts","World (quantity)","1,000 metric tons","2018","152.69999999999999"
"Cashew nuts","World (quantity)","1,000 metric tons","2017","153.80000000000001"
"Cashew nuts","World (quantity)","1,000 metric tons","2016","147.30000000000001"
"Cashew nuts","World (quantity)","1,000 metric tons","2015","152.80000000000001"
"Cashew nuts","World (quantity)","1,000 metric tons","2014","138.30000000000001"
"Cashew nuts","World (quantity)","1,000 metric tons","2013","131.9"
"Cashew nuts","World (quantity)","1,000 metric tons","2012","109.9"
"Cashew nuts","World (quantity)","1,000 metric tons","2011","105.9"
"Cashew nuts","World (quantity)","1,000 metric tons","2010","121.3"
"Cashew nuts","World (quantity)","1,000 metric tons","2009","118.2"
"Cashew nuts","World (quantity)","1,000 metric tons","2008","113.5"
"Cashew nuts","World (quantity)","1,000 metric tons","2007","126.7"
"Cashew nuts","World (quantity)","1,000 metric tons","2006","115.6"
"Cashew nuts","World (quantity)","1,000 metric tons","2005","114.5"
"Cashew nuts","World (quantity)","1,000 metric tons","2004","131.6"
"Cashew nuts","World (quantity)","1,000 metric tons","2003","103.1"
"Cashew nuts","World (quantity)","1,000 metric tons","2002","97.3"
"Cashew nuts","World (quantity)","1,000 metric tons","2001","84.8"
"Cashew nuts","World (quantity)","1,000 metric tons","2000","82.5"
"Cashew nuts","World (quantity)","1,000 metric tons","1999","72.7"
"Prepared tree nuts 3/","Vietnam","Million dollars","2023","224"
"Prepared tree nuts 3/","Vietnam","Million dollars","2022","207.5"
"Prepared tree nuts 3/","Vietnam","Million dollars","2021","139.69999999999999"
"Prepared tree nuts 3/","Vietnam","Million dollars","2020","89.6"
"Prepared tree nuts 3/","Vietnam","Million dollars","2019","83.3"
"Prepared tree nuts 3/","Vietnam","Million dollars","2018","91.5"
"Prepared tree nuts 3/","Vietnam","Million dollars","2017","66.400000000000006"
"Prepared tree nuts 3/","Vietnam","Million dollars","2016","47"
"Prepared tree nuts 3/","Vietnam","Million dollars","2015","37"
"Prepared tree nuts 3/","Vietnam","Million dollars","2014","24.9"
"Prepared tree nuts 3/","Vietnam","Million dollars","2013","17.3"
"Prepared tree nuts 3/","Vietnam","Million dollars","2012","10.7"
"Prepared tree nuts 3/","Vietnam","Million dollars","2011","8.9"
"Prepared tree nuts 3/","Vietnam","Million dollars","2010","10"
"Prepared tree nuts 3/","Vietnam","Million dollars","2009","12"
"Prepared tree nuts 3/","Vietnam","Million dollars","2008","20"
"Prepared tree nuts 3/","Vietnam","Million dollars","2007","22.7"
"Prepared tree nuts 3/","Vietnam","Million dollars","2006","15.5"
"Prepared tree nuts 3/","Vietnam","Million dollars","2005","14.2"
"Prepared tree nuts 3/","Vietnam","Million dollars","2004","3.4"
"Prepared tree nuts 3/","Vietnam","Million dollars","2003","1.5"
"Prepared tree nuts 3/","Vietnam","Million dollars","2002","0.9"
"Prepared tree nuts 3/","Vietnam","Million dollars","2001","0.1"
"Prepared tree nuts 3/","Vietnam","Million dollars","2000","0.1"
"Prepared tree nuts 3/","Vietnam","Million dollars","1999","0.4"
"Prepared tree nuts 3/","Thailand","Million dollars","2023","88.1"
"Prepared tree nuts 3/","Thailand","Million dollars","2022","104"
"Prepared tree nuts 3/","Thailand","Million dollars","2021","95.1"
"Prepared tree nuts 3/","Thailand","Million dollars","2020","70.5"
"Prepared tree nuts 3/","Thailand","Million dollars","2019","70.5"
"Prepared tree nuts 3/","Thailand","Million dollars","2018","83.8"
"Prepared tree nuts 3/","Thailand","Million dollars","2017","89.1"
"Prepared tree nuts 3/","Thailand","Million dollars","2016","77.8"
"Prepared tree nuts 3/","Thailand","Million dollars","2015","81.900000000000006"
"Prepared tree nuts 3/","Thailand","Million dollars","2014","67.7"
"Prepared tree nuts 3/","Thailand","Million dollars","2013","52.8"
"Prepared tree nuts 3/","Thailand","Million dollars","2012","44.3"
"Prepared tree nuts 3/","Thailand","Million dollars","2011","41"
"Prepared tree nuts 3/","Thailand","Million dollars","2010","29.5"
"Prepared tree nuts 3/","Thailand","Million dollars","2009","27.1"
"Prepared tree nuts 3/","Thailand","Million dollars","2008","19"
"Prepared tree nuts 3/","Thailand","Million dollars","2007","13.8"
"Prepared tree nuts 3/","Thailand","Million dollars","2006","14.8"
"Prepared tree nuts 3/","Thailand","Million dollars","2005","15.6"
"Prepared tree nuts 3/","Thailand","Million dollars","2004","12.9"
"Prepared tree nuts 3/","Thailand","Million dollars","2003","7.1"
"Prepared tree nuts 3/","Thailand","Million dollars","2002","4.5999999999999996"
"Prepared tree nuts 3/","Thailand","Million dollars","2001","7.1"
"Prepared tree nuts 3/","Thailand","Million dollars","2000","5.9"
"Prepared tree nuts 3/","Thailand","Million dollars","1999","6.2"
"Prepared tree nuts 3/","Canada","Million dollars","2023","73.5"
"Prepared tree nuts 3/","Canada","Million dollars","2022","122"
"Prepared tree nuts 3/","Canada","Million dollars","2021","151.1"
"Prepared tree nuts 3/","Canada","Million dollars","2020","102.5"
"Prepared tree nuts 3/","Canada","Million dollars","2019","96.4"
"Prepared tree nuts 3/","Canada","Million dollars","2018","99.3"
"Prepared tree nuts 3/","Canada","Million dollars","2017","96.8"
"Prepared tree nuts 3/","Canada","Million dollars","2016","80.8"
"Prepared tree nuts 3/","Canada","Million dollars","2015","86.2"
"Prepared tree nuts 3/","Canada","Million dollars","2014","52.6"
"Prepared tree nuts 3/","Canada","Million dollars","2013","29"
"Prepared tree nuts 3/","Canada","Million dollars","2012","22.9"
"Prepared tree nuts 3/","Canada","Million dollars","2011","20.2"
"Prepared tree nuts 3/","Canada","Million dollars","2010","13"
"Prepared tree nuts 3/","Canada","Million dollars","2009","12.3"
"Prepared tree nuts 3/","Canada","Million dollars","2008","14.1"
"Prepared tree nuts 3/","Canada","Million dollars","2007","11.5"
"Prepared tree nuts 3/","Canada","Million dollars","2006","10.4"
"Prepared tree nuts 3/","Canada","Million dollars","2005","9"
"Prepared tree nuts 3/","Canada","Million dollars","2004","8.8000000000000007"
"Prepared tree nuts 3/","Canada","Million dollars","2003","6.2"
"Prepared tree nuts 3/","Canada","Million dollars","2002","8"
"Prepared tree nuts 3/","Canada","Million dollars","2001","6.2"
"Prepared tree nuts 3/","Canada","Million dollars","2000","2.8"
"Prepared tree nuts 3/","Canada","Million dollars","1999","2.7"
"Prepared tree nuts 3/","Mexico","Million dollars","2023","50.8"
"Prepared tree nuts 3/","Mexico","Million dollars","2022","35.799999999999997"
"Prepared tree nuts 3/","Mexico","Million dollars","2021","38.700000000000003"
"Prepared tree nuts 3/","Mexico","Million dollars","2020","30.6"
"Prepared tree nuts 3/","Mexico","Million dollars","2019","24"
"Prepared tree nuts 3/","Mexico","Million dollars","2018","26.6"
"Prepared tree nuts 3/","Mexico","Million dollars","2017","34.799999999999997"
"Prepared tree nuts 3/","Mexico","Million dollars","2016","31.8"
"Prepared tree nuts 3/","Mexico","Million dollars","2015","33.299999999999997"
"Prepared tree nuts 3/","Mexico","Million dollars","2014","31.1"
"Prepared tree nuts 3/","Mexico","Million dollars","2013","18.2"
"Prepared tree nuts 3/","Mexico","Million dollars","2012","17.8"
"Prepared tree nuts 3/","Mexico","Million dollars","2011","19"
"Prepared tree nuts 3/","Mexico","Million dollars","2010","12.1"
"Prepared tree nuts 3/","Mexico","Million dollars","2009","7.8"
"Prepared tree nuts 3/","Mexico","Million dollars","2008","4.7"
"Prepared tree nuts 3/","Mexico","Million dollars","2007","3.2"
"Prepared tree nuts 3/","Mexico","Million dollars","2006","2.1"
"Prepared tree nuts 3/","Mexico","Million dollars","2005","1.9"
"Prepared tree nuts 3/","Mexico","Million dollars","2004","1.2"
"Prepared tree nuts 3/","Mexico","Million dollars","2003","1.6"
"Prepared tree nuts 3/","Mexico","Million dollars","2002","1.3"
"Prepared tree nuts 3/","Mexico","Million dollars","2001","1.2"
"Prepared tree nuts 3/","Mexico","Million dollars","2000","0.1"
"Prepared tree nuts 3/","Mexico","Million dollars","1999","0.1"
"Prepared tree nuts 3/","India","Million dollars","2023","27.1"
"Prepared tree nuts 3/","India","Million dollars","2022","22.8"
"Prepared tree nuts 3/","India","Million dollars","2021","19.600000000000001"
"Prepared tree nuts 3/","India","Million dollars","2020","19.3"
"Prepared tree nuts 3/","India","Million dollars","2019","19.8"
"Prepared tree nuts 3/","India","Million dollars","2018","20.9"
"Prepared tree nuts 3/","India","Million dollars","2017","27.7"
"Prepared tree nuts 3/","India","Million dollars","2016","17.7"
"Prepared tree nuts 3/","India","Million dollars","2015","14"
"Prepared tree nuts 3/","India","Million dollars","2014","10.4"
"Prepared tree nuts 3/","India","Million dollars","2013","15.2"
"Prepared tree nuts 3/","India","Million dollars","2012","16.100000000000001"
"Prepared tree nuts 3/","India","Million dollars","2011","8.9"
"Prepared tree nuts 3/","India","Million dollars","2010","4.7"
"Prepared tree nuts 3/","India","Million dollars","2009","4"
"Prepared tree nuts 3/","India","Million dollars","2008","3.7"
"Prepared tree nuts 3/","India","Million dollars","2007","4.4000000000000004"
"Prepared tree nuts 3/","India","Million dollars","2006","4"
"Prepared tree nuts 3/","India","Million dollars","2005","5.0999999999999996"
"Prepared tree nuts 3/","India","Million dollars","2004","5.5"
"Prepared tree nuts 3/","India","Million dollars","2003","7.8"
"Prepared tree nuts 3/","India","Million dollars","2002","6.8"
"Prepared tree nuts 3/","India","Million dollars","2001","5.8"
"Prepared tree nuts 3/","India","Million dollars","2000","6.8"
"Prepared tree nuts 3/","India","Million dollars","1999","9.8000000000000007"
"Prepared tree nuts 3/","Turkey","Million dollars","2023","25.5"
"Prepared tree nuts 3/","Turkey","Million dollars","2022","22.7"
"Prepared tree nuts 3/","Turkey","Million dollars","2021","21.6"
"Prepared tree nuts 3/","Turkey","Million dollars","2020","18.600000000000001"
"Prepared tree nuts 3/","Turkey","Million dollars","2019","17.100000000000001"
"Prepared tree nuts 3/","Turkey","Million dollars","2018","15.7"
"Prepared tree nuts 3/","Turkey","Million dollars","2017","15.9"
"Prepared tree nuts 3/","Turkey","Million dollars","2016","12"
"Prepared tree nuts 3/","Turkey","Million dollars","2015","16.899999999999999"
"Prepared tree nuts 3/","Turkey","Million dollars","2014","24.6"
"Prepared tree nuts 3/","Turkey","Million dollars","2013","20.399999999999999"
"Prepared tree nuts 3/","Turkey","Million dollars","2012","13.9"
"Prepared tree nuts 3/","Turkey","Million dollars","2011","14.5"
"Prepared tree nuts 3/","Turkey","Million dollars","2010","12.2"
"Prepared tree nuts 3/","Turkey","Million dollars","2009","8.4"
"Prepared tree nuts 3/","Turkey","Million dollars","2008","12.1"
"Prepared tree nuts 3/","Turkey","Million dollars","2007","9.6999999999999993"
"Prepared tree nuts 3/","Turkey","Million dollars","2006","9"
"Prepared tree nuts 3/","Turkey","Million dollars","2005","9.4"
"Prepared tree nuts 3/","Turkey","Million dollars","2004","5.5"
"Prepared tree nuts 3/","Turkey","Million dollars","2003","4.7"
"Prepared tree nuts 3/","Turkey","Million dollars","2002","1.3"
"Prepared tree nuts 3/","Turkey","Million dollars","2001","2.2000000000000002"
"Prepared tree nuts 3/","Turkey","Million dollars","2000","1.8"
"Prepared tree nuts 3/","Turkey","Million dollars","1999","1"
"Prepared tree nuts 3/","Israel","Million dollars","2023","21.8"
"Prepared tree nuts 3/","Israel","Million dollars","2022","30.4"
"Prepared tree nuts 3/","Israel","Million dollars","2021","26.8"
"Prepared tree nuts 3/","Israel","Million dollars","2020","30.2"
"Prepared tree nuts 3/","Israel","Million dollars","2019","33.299999999999997"
"Prepared tree nuts 3/","Israel","Million dollars","2018","30.2"
"Prepared tree nuts 3/","Israel","Million dollars","2017","22.8"
"Prepared tree nuts 3/","Israel","Million dollars","2016","26.5"
"Prepared tree nuts 3/","Israel","Million dollars","2015","37.700000000000003"
"Prepared tree nuts 3/","Israel","Million dollars","2014","38.9"
"Prepared tree nuts 3/","Israel","Million dollars","2013","31.4"
"Prepared tree nuts 3/","Israel","Million dollars","2012","18.899999999999999"
"Prepared tree nuts 3/","Israel","Million dollars","2011","13.8"
"Prepared tree nuts 3/","Israel","Million dollars","2010","9.4"
"Prepared tree nuts 3/","Israel","Million dollars","2009","7.3"
"Prepared tree nuts 3/","Israel","Million dollars","2008","8"
"Prepared tree nuts 3/","Israel","Million dollars","2007","6.7"
"Prepared tree nuts 3/","Israel","Million dollars","2006","3.4"
"Prepared tree nuts 3/","Israel","Million dollars","2005","3.4"
"Prepared tree nuts 3/","Israel","Million dollars","2004","2.2999999999999998"
"Prepared tree nuts 3/","Israel","Million dollars","2003","1.5"
"Prepared tree nuts 3/","Israel","Million dollars","2002","0.9"
"Prepared tree nuts 3/","Israel","Million dollars","2001","1.1000000000000001"
"Prepared tree nuts 3/","Israel","Million dollars","2000","0.7"
"Prepared tree nuts 3/","Israel","Million dollars","1999","0.4"
"Prepared tree nuts 3/","Rest of world","Million dollars","2023","118.9"
"Prepared tree nuts 3/","Rest of world","Million dollars","2022","144.19999999999999"
"Prepared tree nuts 3/","Rest of world","Million dollars","2021","144.4"
"Prepared tree nuts 3/","Rest of world","Million dollars","2020","111.2"
"Prepared tree nuts 3/","Rest of world","Million dollars","2019","124.2"
"Prepared tree nuts 3/","Rest of world","Million dollars","2018","122"
"Prepared tree nuts 3/","Rest of world","Million dollars","2017","111.3"
"Prepared tree nuts 3/","Rest of world","Million dollars","2016","100.5"
"Prepared tree nuts 3/","Rest of world","Million dollars","2015","95.2"
"Prepared tree nuts 3/","Rest of world","Million dollars","2014","85.4"
"Prepared tree nuts 3/","Rest of world","Million dollars","2013","79.7"
"Prepared tree nuts 3/","Rest of world","Million dollars","2012","72.3"
"Prepared tree nuts 3/","Rest of world","Million dollars","2011","57.2"
"Prepared tree nuts 3/","Rest of world","Million dollars","2010","54.2"
"Prepared tree nuts 3/","Rest of world","Million dollars","2009","60.7"
"Prepared tree nuts 3/","Rest of world","Million dollars","2008","63.2"
"Prepared tree nuts 3/","Rest of world","Million dollars","2007","58.7"
"Prepared tree nuts 3/","Rest of world","Million dollars","2006","46.8"
"Prepared tree nuts 3/","Rest of world","Million dollars","2005","40.5"
"Prepared tree nuts 3/","Rest of world","Million dollars","2004","32.799999999999997"
"Prepared tree nuts 3/","Rest of world","Million dollars","2003","23.8"
"Prepared tree nuts 3/","Rest of world","Million dollars","2002","20.5"
"Prepared tree nuts 3/","Rest of world","Million dollars","2001","22.2"
"Prepared tree nuts 3/","Rest of world","Million dollars","2000","27.7"
"Prepared tree nuts 3/","Rest of world","Million dollars","1999","28.9"
"Prepared tree nuts 3/","World","Million dollars","2023","629.70000000000005"
"Prepared tree nuts 3/","World","Million dollars","2022","689.4"
"Prepared tree nuts 3/","World","Million dollars","2021","637"
"Prepared tree nuts 3/","World","Million dollars","2020","472.5"
"Prepared tree nuts 3/","World","Million dollars","2019","468.6"
"Prepared tree nuts 3/","World","Million dollars","2018","490"
"Prepared tree nuts 3/","World","Million dollars","2017","464.8"
"Prepared tree nuts 3/","World","Million dollars","2016","394.1"
"Prepared tree nuts 3/","World","Million dollars","2015","402.2"
"Prepared tree nuts 3/","World","Million dollars","2014","335.6"
"Prepared tree nuts 3/","World","Million dollars","2013","264"
"Prepared tree nuts 3/","World","Million dollars","2012","216.9"
"Prepared tree nuts 3/","World","Million dollars","2011","183.5"
"Prepared tree nuts 3/","World","Million dollars","2010","145.1"
"Prepared tree nuts 3/","World","Million dollars","2009","139.6"
"Prepared tree nuts 3/","World","Million dollars","2008","144.80000000000001"
"Prepared tree nuts 3/","World","Million dollars","2007","130.69999999999999"
"Prepared tree nuts 3/","World","Million dollars","2006","106"
"Prepared tree nuts 3/","World","Million dollars","2005","99.1"
"Prepared tree nuts 3/","World","Million dollars","2004","72.400000000000006"
"Prepared tree nuts 3/","World","Million dollars","2003","54.2"
"Prepared tree nuts 3/","World","Million dollars","2002","44.3"
"Prepared tree nuts 3/","World","Million dollars","2001","45.9"
"Prepared tree nuts 3/","World","Million dollars","2000","45.9"
"Prepared tree nuts 3/","World","Million dollars","1999","49.5"
"Prepared tree nuts 3/","World (quantity)","1,000 metric tons","2023","122.3"
"Prepared tree nuts 3/","World (quantity)","1,000 metric tons","2022","132.19999999999999"
"Prepared tree nuts 3/","World (quantity)","1,000 metric tons","2021","134.6"
"Prepared tree nuts 3/","World (quantity)","1,000 metric tons","2020","98.6"
"Prepared tree nuts 3/","World (quantity)","1,000 metric tons","2019","88.8"
"Prepared tree nuts 3/","World (quantity)","1,000 metric tons","2018","98.7"
"Prepared tree nuts 3/","World (quantity)","1,000 metric tons","2017","106"
"Prepared tree nuts 3/","World (quantity)","1,000 metric tons","2016","92.1"
"Prepared tree nuts 3/","World (quantity)","1,000 metric tons","2015","87.8"
"Prepared tree nuts 3/","World (quantity)","1,000 metric tons","2014","73.2"
"Prepared tree nuts 3/","World (quantity)","1,000 metric tons","2013","59.7"
"Prepared tree nuts 3/","World (quantity)","1,000 metric tons","2012","52.3"
"Prepared tree nuts 3/","World (quantity)","1,000 metric tons","2011","46.9"
"Prepared tree nuts 3/","World (quantity)","1,000 metric tons","2010","40.799999999999997"
"Prepared tree nuts 3/","World (quantity)","1,000 metric tons","2009","36.799999999999997"
"Prepared tree nuts 3/","World (quantity)","1,000 metric tons","2008","36.4"
"Prepared tree nuts 3/","World (quantity)","1,000 metric tons","2007","38.299999999999997"
"Prepared tree nuts 3/","World (quantity)","1,000 metric tons","2006","33.299999999999997"
"Prepared tree nuts 3/","World (quantity)","1,000 metric tons","2005","29.7"
"Prepared tree nuts 3/","World (quantity)","1,000 metric tons","2004","24.3"
"Prepared tree nuts 3/","World (quantity)","1,000 metric tons","2003","23.8"
"Prepared tree nuts 3/","World (quantity)","1,000 metric tons","2002","22.9"
"Prepared tree nuts 3/","World (quantity)","1,000 metric tons","2001","25.5"
"Prepared tree nuts 3/","World (quantity)","1,000 metric tons","2000","22.3"
"Prepared tree nuts 3/","World (quantity)","1,000 metric tons","1999","21.8"
"Ground nuts","Mexico","Million dollars","2023","66.7"
"Ground nuts","Mexico","Million dollars","2022","53.2"
"Ground nuts","Mexico","Million dollars","2021","45"
"Ground nuts","Mexico","Million dollars","2020","37.9"
"Ground nuts","Mexico","Million dollars","2019","34.4"
"Ground nuts","Mexico","Million dollars","2018","40.9"
"Ground nuts","Mexico","Million dollars","2017","38.9"
"Ground nuts","Mexico","Million dollars","2016","33.6"
"Ground nuts","Mexico","Million dollars","2015","32.299999999999997"
"Ground nuts","Mexico","Million dollars","2014","33.700000000000003"
"Ground nuts","Mexico","Million dollars","2013","33.6"
"Ground nuts","Mexico","Million dollars","2012","46.9"
"Ground nuts","Mexico","Million dollars","2011","28.5"
"Ground nuts","Mexico","Million dollars","2010","19.7"
"Ground nuts","Mexico","Million dollars","2009","15.2"
"Ground nuts","Mexico","Million dollars","2008","18"
"Ground nuts","Mexico","Million dollars","2007","12"
"Ground nuts","Mexico","Million dollars","2006","8.6"
"Ground nuts","Mexico","Million dollars","2005","8.8000000000000007"
"Ground nuts","Mexico","Million dollars","2004","4.3"
"Ground nuts","Mexico","Million dollars","2003","7.8"
"Ground nuts","Mexico","Million dollars","2002","10.3"
"Ground nuts","Mexico","Million dollars","2001","11.2"
"Ground nuts","Mexico","Million dollars","2000","7.9"
"Ground nuts","Mexico","Million dollars","1999","4"
"Ground nuts","Canada","Million dollars","2023","55.3"
"Ground nuts","Canada","Million dollars","2022","56.3"
"Ground nuts","Canada","Million dollars","2021","57.8"
"Ground nuts","Canada","Million dollars","2020","60.5"
"Ground nuts","Canada","Million dollars","2019","58.6"
"Ground nuts","Canada","Million dollars","2018","59.8"
"Ground nuts","Canada","Million dollars","2017","56.3"
"Ground nuts","Canada","Million dollars","2016","54.6"
"Ground nuts","Canada","Million dollars","2015","48"
"Ground nuts","Canada","Million dollars","2014","43.3"
"Ground nuts","Canada","Million dollars","2013","55.4"
"Ground nuts","Canada","Million dollars","2012","50"
"Ground nuts","Canada","Million dollars","2011","22.8"
"Ground nuts","Canada","Million dollars","2010","20.6"
"Ground nuts","Canada","Million dollars","2009","25.9"
"Ground nuts","Canada","Million dollars","2008","31.2"
"Ground nuts","Canada","Million dollars","2007","23.1"
"Ground nuts","Canada","Million dollars","2006","21.5"
"Ground nuts","Canada","Million dollars","2005","19.899999999999999"
"Ground nuts","Canada","Million dollars","2004","19.100000000000001"
"Ground nuts","Canada","Million dollars","2003","19.2"
"Ground nuts","Canada","Million dollars","2002","21.7"
"Ground nuts","Canada","Million dollars","2001","24"
"Ground nuts","Canada","Million dollars","2000","23.4"
"Ground nuts","Canada","Million dollars","1999","23.8"
"Ground nuts","Argentina","Million dollars","2023","14.3"
"Ground nuts","Argentina","Million dollars","2022","18.7"
"Ground nuts","Argentina","Million dollars","2021","20"
"Ground nuts","Argentina","Million dollars","2020","15.2"
"Ground nuts","Argentina","Million dollars","2019","26.6"
"Ground nuts","Argentina","Million dollars","2018","29.7"
"Ground nuts","Argentina","Million dollars","2017","33.9"
"Ground nuts","Argentina","Million dollars","2016","20.100000000000001"
"Ground nuts","Argentina","Million dollars","2015","27.2"
"Ground nuts","Argentina","Million dollars","2014","21.1"
"Ground nuts","Argentina","Million dollars","2013","28.1"
"Ground nuts","Argentina","Million dollars","2012","117"
"Ground nuts","Argentina","Million dollars","2011","31.2"
"Ground nuts","Argentina","Million dollars","2010","14.6"
"Ground nuts","Argentina","Million dollars","2009","12.6"
"Ground nuts","Argentina","Million dollars","2008","27"
"Ground nuts","Argentina","Million dollars","2007","17"
"Ground nuts","Argentina","Million dollars","2006","6.5"
"Ground nuts","Argentina","Million dollars","2005","3.9"
"Ground nuts","Argentina","Million dollars","2004","2.9"
"Ground nuts","Argentina","Million dollars","2003","12.6"
"Ground nuts","Argentina","Million dollars","2002","39.1"
"Ground nuts","Argentina","Million dollars","2001","43.4"
"Ground nuts","Argentina","Million dollars","2000","36.799999999999997"
"Ground nuts","Argentina","Million dollars","1999","36.200000000000003"
"Ground nuts","India","Million dollars","2023","5.3"
"Ground nuts","India","Million dollars","2022","4.7"
"Ground nuts","India","Million dollars","2021","4.4000000000000004"
"Ground nuts","India","Million dollars","2020","4.4000000000000004"
"Ground nuts","India","Million dollars","2019","4.0999999999999996"
"Ground nuts","India","Million dollars","2018","4.3"
"Ground nuts","India","Million dollars","2017","4"
"Ground nuts","India","Million dollars","2016","4.0999999999999996"
"Ground nuts","India","Million dollars","2015","3.8"
"Ground nuts","India","Million dollars","2014","3.3"
"Ground nuts","India","Million dollars","2013","0.9"
"Ground nuts","India","Million dollars","2012","1.4"
"Ground nuts","India","Million dollars","2011","0.2"
"Ground nuts","India","Million dollars","2010","0.2"
"Ground nuts","India","Million dollars","2009","0.5"
"Ground nuts","India","Million dollars","2008","0.4"
"Ground nuts","India","Million dollars","2007","0.1"
"Ground nuts","India","Million dollars","2006","1"
"Ground nuts","India","Million dollars","2005","1.8"
"Ground nuts","India","Million dollars","2004","2.2999999999999998"
"Ground nuts","India","Million dollars","2003","1.6"
"Ground nuts","India","Million dollars","2002","0.8"
"Ground nuts","India","Million dollars","2001","0.8"
"Ground nuts","India","Million dollars","2000","0.9"
"Ground nuts","India","Million dollars","1999","1"
"Ground nuts","Paraguay","Million dollars","2023","4"
"Ground nuts","Paraguay","Million dollars","2022","1.9"
"Ground nuts","Paraguay","Million dollars","2021","3.4"
"Ground nuts","Paraguay","Million dollars","2020","1.7"
"Ground nuts","Paraguay","Million dollars","2019","1.3"
"Ground nuts","Paraguay","Million dollars","2018","0.8"
"Ground nuts","Paraguay","Million dollars","2017","0.8"
"Ground nuts","Paraguay","Million dollars","2016","0.3"
"Ground nuts","Paraguay","Million dollars","2015","0.1"
"Ground nuts","Paraguay","Million dollars","2014","0.3"
"Ground nuts","Paraguay","Million dollars","2013","0.9"
"Ground nuts","Paraguay","Million dollars","2012","1.5"
"Ground nuts","Paraguay","Million dollars","2011","0.5"
"Ground nuts","Paraguay","Million dollars","2010","0"
"Ground nuts","Paraguay","Million dollars","2009","0"
"Ground nuts","Paraguay","Million dollars","2008","0"
"Ground nuts","Paraguay","Million dollars","2007","0"
"Ground nuts","Paraguay","Million dollars","2006","0"
"Ground nuts","Paraguay","Million dollars","2005","0"
"Ground nuts","Paraguay","Million dollars","2004","0"
"Ground nuts","Paraguay","Million dollars","2003","0"
"Ground nuts","Paraguay","Million dollars","2002","0"
"Ground nuts","Paraguay","Million dollars","2001","0"
"Ground nuts","Paraguay","Million dollars","2000","0"
"Ground nuts","Paraguay","Million dollars","1999","0"
"Ground nuts","Rest of world","Million dollars","2023","9.5999999999999908"
"Ground nuts","Rest of world","Million dollars","2022","11.1"
"Ground nuts","Rest of world","Million dollars","2021","16.7"
"Ground nuts","Rest of world","Million dollars","2020","22.7"
"Ground nuts","Rest of world","Million dollars","2019","20"
"Ground nuts","Rest of world","Million dollars","2018","17.5"
"Ground nuts","Rest of world","Million dollars","2017","13.8"
"Ground nuts","Rest of world","Million dollars","2016","14"
"Ground nuts","Rest of world","Million dollars","2015","12.4"
"Ground nuts","Rest of world","Million dollars","2014","13.5"
"Ground nuts","Rest of world","Million dollars","2013","13.6"
"Ground nuts","Rest of world","Million dollars","2012","35.200000000000003"
"Ground nuts","Rest of world","Million dollars","2011","15.9"
"Ground nuts","Rest of world","Million dollars","2010","9.6999999999999993"
"Ground nuts","Rest of world","Million dollars","2009","10"
"Ground nuts","Rest of world","Million dollars","2008","13.2"
"Ground nuts","Rest of world","Million dollars","2007","9.8000000000000007"
"Ground nuts","Rest of world","Million dollars","2006","7.8"
"Ground nuts","Rest of world","Million dollars","2005","6.3"
"Ground nuts","Rest of world","Million dollars","2004","7.5"
"Ground nuts","Rest of world","Million dollars","2003","8.0000000000000107"
"Ground nuts","Rest of world","Million dollars","2002","10.3"
"Ground nuts","Rest of world","Million dollars","2001","10.199999999999999"
"Ground nuts","Rest of world","Million dollars","2000","10.5"
"Ground nuts","Rest of world","Million dollars","1999","7.8"
"Ground nuts","World","Million dollars","2023","155.19999999999999"
"Ground nuts","World","Million dollars","2022","145.9"
"Ground nuts","World","Million dollars","2021","147.30000000000001"
"Ground nuts","World","Million dollars","2020","142.4"
"Ground nuts","World","Million dollars","2019","145"
"Ground nuts","World","Million dollars","2018","153"
"Ground nuts","World","Million dollars","2017","147.69999999999999"
"Ground nuts","World","Million dollars","2016","126.7"
"Ground nuts","World","Million dollars","2015","123.8"
"Ground nuts","World","Million dollars","2014","115.2"
"Ground nuts","World","Million dollars","2013","132.5"
"Ground nuts","World","Million dollars","2012","252"
"Ground nuts","World","Million dollars","2011","99.1"
"Ground nuts","World","Million dollars","2010","64.8"
"Ground nuts","World","Million dollars","2009","64.2"
"Ground nuts","World","Million dollars","2008","89.8"
"Ground nuts","World","Million dollars","2007","62"
"Ground nuts","World","Million dollars","2006","45.4"
"Ground nuts","World","Million dollars","2005","40.700000000000003"
"Ground nuts","World","Million dollars","2004","36.1"
"Ground nuts","World","Million dollars","2003","49.2"
"Ground nuts","World","Million dollars","2002","82.2"
"Ground nuts","World","Million dollars","2001","89.6"
"Ground nuts","World","Million dollars","2000","79.5"
"Ground nuts","World","Million dollars","1999","72.8"
"Ground nuts","World (quantity)","1,000 metric tons","2023","53.4"
"Ground nuts","World (quantity)","1,000 metric tons","2022","53.2"
"Ground nuts","World (quantity)","1,000 metric tons","2021","57.1"
"Ground nuts","World (quantity)","1,000 metric tons","2020","54.3"
"Ground nuts","World (quantity)","1,000 metric tons","2019","54.6"
"Ground nuts","World (quantity)","1,000 metric tons","2018","61.1"
"Ground nuts","World (quantity)","1,000 metric tons","2017","78.599999999999994"
"Ground nuts","World (quantity)","1,000 metric tons","2016","55"
"Ground nuts","World (quantity)","1,000 metric tons","2015","45.9"
"Ground nuts","World (quantity)","1,000 metric tons","2014","41.7"
"Ground nuts","World (quantity)","1,000 metric tons","2013","45.8"
"Ground nuts","World (quantity)","1,000 metric tons","2012","100"
"Ground nuts","World (quantity)","1,000 metric tons","2011","49.5"
"Ground nuts","World (quantity)","1,000 metric tons","2010","35.6"
"Ground nuts","World (quantity)","1,000 metric tons","2009","36.299999999999997"
"Ground nuts","World (quantity)","1,000 metric tons","2008","49.1"
"Ground nuts","World (quantity)","1,000 metric tons","2007","45.2"
"Ground nuts","World (quantity)","1,000 metric tons","2006","34.299999999999997"
"Ground nuts","World (quantity)","1,000 metric tons","2005","32.6"
"Ground nuts","World (quantity)","1,000 metric tons","2004","30.7"
"Ground nuts","World (quantity)","1,000 metric tons","2003","49.1"
"Ground nuts","World (quantity)","1,000 metric tons","2002","88.4"
"Ground nuts","World (quantity)","1,000 metric tons","2001","91.5"
"Ground nuts","World (quantity)","1,000 metric tons","2000","81.599999999999994"
"Ground nuts","World (quantity)","1,000 metric tons","1999","70.900000000000006"
